200
4169 4560 3838 3843 4253 4169 4205 4209 3881 3928 3597 3898 4172 4307 3972 4393 4236 4320 3775 3816 4080 4006 4374 4247 4348 3765 3977 4274 4231 4191 4157 4287 4406 4304 4048 4207 4124 4002 4142 3816 4612 4445 4522 4122 3947 4088 4600 4354 4290 3864 4160 4063 4482 4506 3972 4237 4450 3867 3862 4448 4025 4152 3836 4206 4083 4025 3846 4313 4336 4350 4293 4223 4010 4225 4602 3985 4500 3947 4178 4242 3924 3869 3912 4275 4098 4295 4018 4109 3956 4158 4295 3868 4275 4198 4083 4002 4084 3879 4259 4305 4178 4188 3794 4054 4373 4136 4285 4063 4134 4191 4202 4018 4118 3704 4048 3967 4336 4035 4258 3842 4261 4399 4165 4428 3728 3930 4029 3959 4336 3918 4531 4184 4301 3872 4619 4182 4141 4148 4244 4193 4057 4237 4092 3954 4684 4147 4280 3913 4417 4010 4099 3846 4361 4063 4155 4277 4258 4366 4303 4056 4649 4478 4458 4204 4418 3812 3717 4146 4389 4377 3972 4355 4235 4318 3782 4303 4295 3967 3913 3916 4428 4247 4083 4185 3934 4332 4307 3863 4134 3943 4214 3940 4246 4136 4362 4420 3849 4010 4320 4331 
4172 4153 4044 3889 4317 4228 4251 4442 3959 4041 3582 3681 4297 4144 4078 4321 4563 4309 3948 3917 4071 3846 4332 4313 4057 3879 4163 4642 4371 4283 4078 4189 4445 4434 3984 4135 4300 4250 4129 4164 4866 4492 4421 4359 4303 4631 4416 4478 4453 3925 4217 3779 4513 4318 4386 4235 4341 4049 3777 4587 3909 4000 3936 4491 4315 4041 4027 4286 4495 4409 4385 4339 4182 4061 4469 4044 4666 4153 4286 4268 4192 3907 4032 4134 4182 4287 4488 3987 3968 4313 4493 3948 4331 4431 4209 4133 4121 3589 4256 3995 4178 4345 4085 3899 4328 4117 4354 4117 3929 4467 4307 4339 4184 4028 3854 4122 4288 4185 4284 4034 4697 4129 4339 4571 4040 4027 4031 3984 4366 4032 4511 4013 4221 3968 4595 4108 4330 4346 4668 4110 4148 4154 4439 4024 4927 3994 4270 3602 4741 4083 4127 3814 4355 4105 4333 4506 4402 4541 4565 3711 4383 4382 4554 4220 4533 3789 3817 4222 4616 4166 4015 4524 4361 4439 4158 4382 4295 4041 3918 4178 4330 4379 4043 4127 3931 4429 4544 3670 4261 4348 4174 3687 4362 3826 4446 4469 4257 3992 3968 4752 
3878 3881 3850 3799 4141 4104 4189 4253 3653 3956 3480 3464 3930 4033 3813 4320 4083 4224 3756 3972 4007 3771 4181 4193 3996 3678 3829 4336 4145 3649 4079 4061 4032 4285 3783 3880 4161 4074 3971 3945 4447 4000 4142 3941 3919 4208 4372 4111 4370 3328 4140 3627 4123 4257 3929 4257 3999 3811 3753 4120 3692 3821 3795 4046 3843 4086 3909 4105 4078 4121 3888 4221 4130 3961 4093 3995 4348 3795 4032 4165 4060 3853 3887 3714 4033 4100 3960 3785 3916 4302 4287 3670 4069 4296 3891 3931 3842 3460 4196 4123 4018 4239 3769 3687 4209 4035 4142 4019 3678 4141 4239 3987 3777 3784 3643 3885 4013 3848 3957 3788 4164 4172 4163 3988 3818 3839 3829 3789 4108 3838 4254 4003 3979 3832 4371 3944 4179 4164 4127 4014 4110 3835 4065 3852 4511 3899 4021 3526 4300 3816 3851 3795 4129 3828 3961 4082 4065 4175 4185 3646 3971 4088 4286 4106 4287 3666 3666 3752 4273 4272 3766 4011 4296 4317 3968 4248 4138 3853 3693 3669 4095 3964 3758 4009 3884 4156 4303 3574 4007 4035 4154 3391 4318 3732 4277 4436 3831 3621 4013 4084 
3831 3953 3986 3826 4042 4037 3774 3942 3554 3717 3477 3492 4012 4076 3828 4217 4223 4251 3863 3773 3793 3803 3959 4208 4067 3900 3785 4127 4213 4046 4022 3868 4110 4347 3855 4150 4123 3866 3997 3793 4172 4064 4214 3882 3869 4112 4296 4110 4342 3516 3734 3572 4091 4243 3835 4103 4118 3838 3648 4199 3691 3687 3819 3913 4066 3727 3907 4137 3926 4338 3979 3838 3791 3925 3952 3933 4158 3908 4118 4182 3822 4026 3831 3713 3944 4295 4108 3908 4002 4398 4360 3784 4126 4013 4029 3817 3876 3515 4158 4376 4070 4170 3806 3694 4329 3920 3978 4062 3638 3984 4012 3931 3727 3609 3738 3915 4140 3821 4031 3823 4168 3830 3740 4428 3775 4010 3779 3852 4041 3902 4040 3921 4043 3837 4345 3854 3939 3848 3969 3851 4026 4120 4162 3789 4543 3808 4007 3484 4305 4083 3760 3676 4127 3856 4002 4285 4337 4132 4003 3623 4023 4225 4246 4050 4237 3726 3419 3684 4117 4282 3975 4208 4054 4241 3861 4067 4157 3940 3663 3681 4024 4216 3819 3840 3820 4031 4225 3796 3874 4004 3967 3696 4247 3655 4215 4096 3998 3561 3939 4019 
4165 4296 3990 4060 4483 4297 4318 4246 3951 3764 3424 3855 4014 4167 4010 4571 4168 4161 3910 4154 4064 3901 4322 4333 4213 3770 3915 4505 4409 4236 4308 4221 4283 4346 4024 4001 4199 3999 3875 3995 4541 4630 4216 4127 4010 4350 4357 4348 4458 3554 3951 3982 4452 4308 4172 4289 4324 3900 3748 4518 3639 3891 4088 4202 4016 4286 3873 4329 4225 4352 4363 4235 4213 4272 4212 4107 4230 3802 4280 4265 4017 4003 3861 4028 4061 3970 4340 4125 3865 4506 4374 3813 4240 4107 4210 3817 3991 3633 4259 4297 3823 4202 3719 4110 4327 4252 4190 4304 3833 4137 4247 3991 4103 3657 3997 3809 4363 3875 4269 3984 4481 4265 4034 4432 3838 3945 4125 4050 4555 4057 4683 4005 4027 4114 4501 4362 4067 4114 4164 4134 3997 4187 4218 4132 4728 4150 4319 3980 4470 4085 4091 4008 4286 3970 4123 4162 3874 4502 4232 3920 4222 4207 4516 4291 4440 3833 3608 4058 4105 4325 4112 4244 4246 4497 3927 4217 4292 3943 3762 3905 4283 4444 3995 4166 3870 3992 4262 3560 4166 4044 4172 3791 4183 3748 4436 4026 4007 3873 4163 4258 
4082 4007 3931 3874 4093 4076 4079 4262 3951 3937 3607 3881 4206 4292 4198 4299 3914 4433 3838 4114 3902 3551 4117 4329 4037 3757 4195 4364 4225 4158 4334 4159 4350 4490 3719 3923 4221 3846 3965 3812 4399 4605 4213 3971 3912 4218 4290 4280 4259 3594 3792 3885 4166 4172 4402 4524 4358 4165 3769 4351 3648 3652 3954 4323 3965 4330 3814 4278 4321 4261 4422 4188 3905 4118 4228 3981 4174 3957 4406 4233 3665 3973 4021 3875 3906 4162 4393 4094 3856 4318 3977 3704 4351 4455 4261 4097 4076 3737 4085 4247 3916 4310 4068 3797 4193 4221 4175 4084 3783 4116 3937 4067 3899 3655 3912 3792 4259 4095 4068 3813 4386 4099 4131 4231 3820 3945 4032 3979 4284 3860 4397 4010 4167 3855 4287 4043 4079 4230 3992 4170 3957 4264 4366 3834 4605 3702 4320 3818 4723 3977 3928 3783 4166 4090 4286 4246 4339 4436 4215 3859 4103 4169 4243 4139 4357 4021 3865 3762 4089 4237 3914 4419 4263 4362 4183 4121 4130 3840 3677 3926 4254 4047 3876 4127 4024 3899 4195 3269 4219 3919 3874 3476 4240 3823 4083 4334 3969 3782 4219 4268 
4161 4399 4221 4029 4790 4380 4289 4495 3727 4222 3871 4198 4337 4245 4008 4586 4327 4527 3994 4157 4207 4073 4283 4608 4188 3935 4361 4621 4531 4314 4244 4272 4489 4695 4018 4279 4442 4259 4124 4304 4720 4314 4409 4350 4276 4249 4599 4405 4387 4087 4218 3968 4385 4593 4339 4389 4431 4110 3975 4639 4132 4350 4298 4522 4035 4392 4213 4719 4448 4400 4519 4310 4529 4383 4424 4312 4530 4152 4312 4204 4230 4178 4294 4288 4120 4546 4406 4194 4134 4321 4379 3893 4349 4288 4450 4131 4198 3905 4317 4425 4221 4581 4244 4052 4318 4225 4547 4304 4050 4522 4256 4160 4244 3943 4070 4153 4461 4107 4331 4123 4720 4232 4266 4703 4213 4146 4131 4191 4453 4254 4606 4267 4478 4132 4647 4167 4456 4249 4405 4322 4098 4456 4479 4013 5069 4017 4499 3929 4848 4270 4063 4189 4136 4046 4325 4390 4270 4615 4191 3948 4363 4640 4525 4389 4682 4116 4059 4217 4391 4528 4129 4468 4530 4701 4101 4319 4308 3840 4131 3975 4329 4382 4198 4237 4143 4321 4587 3882 4274 4515 4141 3893 4388 3882 4677 4496 4254 4243 4416 4446 
3855 3815 3592 3427 4172 3996 3894 3748 3590 3725 3387 3478 3949 3907 3820 4278 3757 4075 3468 3694 3717 3818 4099 4049 3631 3642 3725 3971 4043 4014 4075 3924 4020 4116 3641 3828 4043 3962 3672 3876 4330 4086 4038 4098 3871 4123 4333 4195 4190 3399 3741 3550 4314 4304 3935 4045 4176 3675 3792 4123 3690 3664 3486 4058 4024 4063 3689 3871 4157 3849 4125 4194 3955 3792 3951 3901 4070 3849 4008 3772 3863 3881 3739 3730 3771 3954 3863 3638 3517 3841 4149 3601 4060 4155 4155 3710 3492 3418 3983 4011 3855 4127 3873 3806 3982 3992 3922 3954 3717 3976 4050 3990 3921 3563 3418 3784 3962 3716 4115 3658 4232 3803 4019 3999 3682 3747 3552 3977 4123 3702 4321 3856 3960 3598 4400 3987 4104 4125 4084 4018 3708 3775 4103 3789 4601 3820 4109 3741 4185 3664 3874 3706 3885 4052 3928 3959 3869 4132 4269 3762 4146 4077 4121 3886 4172 3646 3573 3797 3993 4038 3704 4150 3993 4214 3865 3946 4290 3620 3644 3625 4152 4214 3862 3600 3858 4166 4030 3270 4049 4062 3946 3369 4322 3495 4226 4460 4015 3777 4032 4037 
4059 4259 3909 4216 4446 4246 4330 4133 3730 4018 3673 3811 4191 4268 4034 4696 4230 4399 3971 3975 4113 3811 4340 4390 4297 3983 4327 4283 4250 4089 4070 4285 4283 4607 4060 4425 4521 4102 4251 3923 4350 4357 4474 4521 3996 4284 4319 4594 4399 3753 4078 3823 4432 4523 4247 4385 4450 3862 3807 4431 3960 3955 4421 4124 4049 4092 3907 4575 4458 4451 4345 4166 4259 4085 4325 4279 4594 4057 4345 4219 4288 3995 4091 4124 4106 4342 4024 4084 4150 4293 4333 3760 4234 4347 4219 4082 4107 3846 3961 4442 4284 4387 4199 4009 4423 4273 4199 4266 3873 4134 4128 4373 3837 3963 3792 4133 4558 3994 4124 3838 4499 4254 4311 4510 3791 4005 4037 3815 4282 4047 4430 4222 4389 3953 4624 4305 4164 4384 4213 4360 4163 4256 4296 3947 4902 4036 4369 3885 4569 4024 3985 3611 4343 4031 4081 4439 4280 4170 4267 4054 4303 4238 4589 4147 4604 4005 3903 4027 4294 4311 4022 4408 4304 4292 4072 4119 4207 3976 3700 3916 4200 4328 3948 3989 4218 4451 4499 3759 4109 4161 4256 3822 4302 3901 4556 4548 4307 3927 4166 4546 
4277 4420 4078 4067 4440 4432 4339 4365 3734 4111 3835 4125 4233 4384 4345 4583 4220 4455 3961 4213 4163 3986 4196 4388 4430 4072 4265 4715 4564 4435 4452 4187 4421 4555 4157 4329 4533 4183 4358 4403 4635 4433 4512 4258 4304 4514 4732 4363 4501 3967 4097 3946 4333 4470 4573 4534 4453 4126 3976 4527 3934 4082 4177 4462 4182 4206 4214 4815 4390 4581 4653 4490 4157 4392 4511 4111 4429 4088 4536 4377 4408 4213 4310 4148 4488 4439 4464 4202 4233 4633 4528 3978 4274 4785 4408 4112 4049 3713 4500 4455 4422 4617 4279 4124 4831 4247 4360 4544 4016 4362 4592 4306 4234 4231 4222 4128 4426 4192 4177 4047 4649 4544 4457 4559 4153 4236 4162 4011 4683 4208 4657 4347 4376 4110 4595 4398 4363 4412 4422 4545 4226 4376 4510 4115 5096 4289 4322 4120 4793 4031 4274 4097 4390 4066 4356 4703 4493 4484 4644 4150 4361 4362 4606 4507 4854 3890 4191 4054 4500 4429 4025 4643 4391 4642 3995 4308 4422 4205 3970 3980 4700 4459 4373 4264 4259 4458 4635 3857 4346 4280 4389 3759 4601 4031 4653 4596 4295 4156 4168 4560 
3849 3962 3733 3780 4172 3864 3929 3895 3516 4034 3365 3433 3883 4123 3972 4443 3823 3966 3670 3811 3777 3590 3965 4103 3614 3900 3797 4083 4201 3887 3969 4141 4176 4086 3920 3885 4087 3764 3904 3841 4343 4150 4016 4273 3728 4150 4130 3981 4248 3347 3857 3687 4270 4186 4181 4120 4199 3886 3523 4120 3681 3809 3701 3966 3610 3995 3784 4079 4193 4078 3934 4066 3985 3822 4440 3712 4043 3846 4006 4098 3915 3922 3786 3724 3771 4097 4094 3771 3867 3944 4303 3723 4100 4301 4308 3916 3716 3638 4114 4102 3765 4138 3918 3606 4058 4086 3942 4124 3523 3855 3953 4053 3729 3769 3512 3732 3906 4033 3906 3761 4254 3972 3855 3980 3668 3637 3521 3701 4253 3969 4327 3844 4022 3655 4362 3997 3864 3847 3900 4068 3821 3768 4176 3760 4558 3726 3936 3708 4481 3971 3720 3743 3926 3904 3914 4168 3903 4273 4036 3432 4133 4074 4180 3970 4279 3904 3663 3529 3996 4048 3582 3917 4185 4177 3843 4247 4060 3665 3593 3778 4206 4024 3837 3868 3762 3980 4153 3668 3969 3788 3878 3534 4131 3850 3967 4181 3906 3590 3856 3957 
3793 3974 3457 3737 3917 3957 3952 3995 3518 3708 3301 3512 3740 3881 3810 4285 4087 4040 3544 3650 3719 3560 3940 4006 3792 3796 3695 4115 4000 3832 3921 3690 3949 4068 3520 3851 4250 3694 3830 3753 4191 4247 3926 3994 3736 3975 4137 3872 4012 3503 3608 3545 4074 3981 3849 4034 3936 3649 3416 4245 3500 3764 3875 3850 3725 3688 3664 4058 4041 3937 4102 4135 3896 3706 3914 3713 4178 3729 3946 4094 3776 3635 3577 3650 3649 4037 4062 3818 3764 4268 3985 3568 3720 3996 3879 3526 3980 3465 3905 3987 3681 3774 3629 3591 3999 3908 3632 3911 3629 3925 3930 3777 3545 3483 3738 3764 3945 3883 3759 3863 4042 3853 3904 4177 3741 3581 3799 3560 3947 3849 4161 3812 3807 3707 4188 3900 3913 3780 3786 4039 3721 4011 4060 3711 4443 3766 3831 3701 4206 3652 3827 3533 3841 3657 3713 4118 3945 3805 3988 3773 4072 3845 3974 4034 4198 3497 3444 3607 4009 3860 3753 3929 3816 4014 3761 4030 4087 3754 3581 3876 4177 3906 3784 3641 3893 3897 4128 3410 4043 3726 4044 3502 4004 3727 4211 3948 3769 3564 3892 4149 
4013 3997 3895 3618 4121 4057 3897 4121 3602 3712 3635 3570 3800 4039 3861 4229 4060 4153 3813 3859 3737 3561 4084 4068 4041 3451 4030 4174 4036 3941 4187 4058 4145 4173 4024 3932 4225 4012 4069 3904 4347 4060 4297 3867 3952 4061 4093 4032 4161 3624 3854 3654 4264 4344 3962 4168 4265 3696 3741 4224 3748 3879 3476 4084 3788 3667 3562 4139 4000 4140 4161 3903 3954 4027 3940 3871 4120 3911 4032 3935 3896 3877 3700 3899 4004 4032 4141 3805 3896 4082 4187 3707 4040 4389 4159 3650 3744 3468 4148 4250 4169 4029 3954 3869 4259 3866 3753 4120 3804 4078 4046 4160 3824 3556 3744 3926 4090 3842 4055 3786 4193 3925 3654 4034 3769 3705 3524 3706 4283 3995 4191 4070 4004 3691 4268 3768 4018 4073 4251 3764 3818 3998 4227 3707 4760 3837 4127 3787 4417 4056 3575 3482 3969 3932 4075 4201 3982 4307 3768 3397 3939 4119 4286 3950 4426 3667 3613 3711 4330 4141 3748 4071 4134 4335 4072 4382 4130 3746 3684 3858 4135 3979 3729 4029 3890 4185 4002 3702 3815 4087 4069 3645 4033 3580 4083 4234 3801 3825 4064 4189 
4020 4091 3811 3911 4089 4031 4128 4068 3714 3975 3915 3743 4075 4073 4107 4363 4015 4207 3952 3916 3757 3862 4283 4260 4035 3863 3918 4187 4120 4119 4218 4227 4094 4442 3870 3976 4219 4064 4005 3760 4496 3990 4010 3785 3965 4248 4122 4425 4235 3712 4100 3688 4129 4429 4086 4155 4111 3858 3942 4305 3656 3826 3958 4063 3910 3918 3778 4177 4062 4091 4423 4059 4032 4261 4183 3912 4083 3801 3972 4105 4123 3942 3781 3992 3944 4184 4054 4017 3961 4305 4255 3626 4316 4325 4083 3882 4095 3625 3966 4226 4170 4237 4059 3578 4121 3876 4306 3859 3736 4036 4001 4007 4028 3805 4110 3968 4230 4158 4140 3828 4179 3974 4037 4094 3657 3834 3979 3907 4241 3847 4254 3835 4074 3970 4392 4045 3907 4137 4127 4263 4226 4021 4204 3695 4492 3766 4131 3684 4300 4035 3777 3777 4124 3927 4077 4525 4319 4438 3982 3825 4293 4237 4287 4098 4357 3798 3580 3853 4197 4370 3765 4086 4406 4182 4109 4145 4134 3830 3781 3757 4202 4075 3936 3988 4043 3888 4004 3648 4102 3802 4089 3707 4176 3840 4258 4193 3786 3889 4006 4210 
4066 4244 4047 4094 4250 4147 4207 4248 3869 3952 3623 3906 4099 4282 4029 4484 4063 4315 3803 4053 4000 3620 4125 4375 4353 3895 3890 4333 4278 4063 4148 4078 4101 4312 3801 4285 4325 4067 4184 4173 4481 4286 4270 4316 3841 4192 4487 4448 4313 3650 4043 3873 4421 4597 4412 4432 4256 3878 3792 4410 3703 4014 4066 4273 3731 4209 4069 4456 4376 4167 4391 4242 4187 4005 4262 3933 4488 3998 4236 4215 4305 3896 4035 3855 4014 4390 4053 4150 4088 4279 4335 3767 4253 4324 4400 4024 4137 3951 4215 4258 4013 4276 3847 3883 4209 3962 4247 4326 3979 4069 4214 4045 4064 3832 3905 3758 4316 4089 4187 3763 4392 4417 4335 4284 3953 4141 4130 4036 4266 4154 4457 4030 4213 4080 4699 4111 3945 4283 4527 4215 4101 4164 4301 3987 4889 3971 4124 3805 4634 3897 3957 3939 4262 4132 4208 4154 4149 4139 4201 3889 4341 4172 4452 4086 4364 3905 3891 4220 4253 4400 3947 4226 4292 4537 4237 4136 4304 3942 3573 4171 4335 4064 3829 4207 4067 4391 4436 3933 4034 4135 4228 3812 4322 3957 4446 4635 4164 4142 4063 4480 
3791 3769 3525 3688 4048 3828 4154 3870 3605 3850 3377 3654 3896 4128 3769 4138 3977 3975 3564 3792 3885 3718 4083 3885 3774 3708 3843 4003 4005 4038 3923 3949 3863 3899 3606 3440 4028 3871 3736 3921 4135 4013 3894 3688 3775 4047 4108 3991 4259 3568 3747 3741 3996 4029 3824 3921 4291 3780 3609 4105 3617 3730 3520 4096 3832 3749 3893 3874 3978 3824 4065 3834 4032 3764 3928 3881 3912 3676 3800 3989 3674 3687 3688 3782 3663 4073 3805 3750 3794 4055 3954 3569 3832 4104 4156 3656 3641 3541 3908 3774 3811 3900 3997 3328 4026 3842 3698 3857 3664 4073 3884 3949 3762 3652 3741 3908 4001 3777 3885 3676 4213 3886 3953 3688 3715 3654 3599 3677 4163 3811 4111 4002 3874 3897 4150 3853 3780 3980 3962 4071 3649 3841 4009 3468 4265 3726 3924 3667 4003 3653 3550 3684 3864 3881 3813 4162 3762 4204 3839 3653 4150 4303 4033 3584 4124 3414 3586 3888 4012 4049 3524 3820 4136 3963 3766 4026 4139 3609 3695 3785 4036 4043 3664 3780 3845 3797 3825 3580 3961 3847 4032 3386 3985 3744 4299 3974 3904 3575 4007 4031 
3905 4026 3490 3843 4053 4006 4086 4019 3453 3751 3416 3483 3941 3950 3771 4369 3803 3950 3633 3763 3880 3625 4302 4247 3947 3853 3681 4145 3947 3979 4084 3885 4044 4160 3944 3855 4160 4027 3884 3599 4430 4223 3779 3923 3728 4166 4195 4043 4004 3624 3981 3740 4073 4307 4060 4177 4187 3491 3504 4087 3656 3704 3457 4179 3715 4052 3812 4177 4044 3939 4219 3896 3978 3941 4102 3786 3989 3915 3894 4051 3928 3764 3497 3825 3788 3999 3747 3577 3848 3939 4181 3739 3884 3985 3864 3911 3873 3389 3898 4234 4090 4054 3768 3534 3944 3772 4063 4028 3678 3881 3846 3988 3947 3679 3594 3825 3940 3882 4094 3639 4262 4020 3874 4038 3689 3761 3810 3617 4152 3833 4184 3963 3829 3870 4241 3876 3889 3942 3941 3969 3860 4012 4046 3675 4465 3702 3850 3586 4357 3853 3539 3872 3895 3650 3818 4112 4158 4191 4139 3741 4164 4176 4496 3743 4402 3871 3483 3842 4147 4059 3642 4029 4179 4019 4004 3957 4233 3723 3400 3356 3912 3805 3804 3897 3544 3871 4108 3356 3904 4139 4112 3528 3931 3668 4023 4332 3873 3917 3865 4125 
3979 4295 3902 3802 4268 4174 3842 4298 3749 4075 3732 3810 4212 4308 4039 4450 4129 4187 3991 3729 4181 3949 4119 4526 3830 3739 4006 4571 4212 4078 4415 3916 4185 4468 4031 4183 4377 4104 4025 4068 4693 4414 4120 4104 4108 4385 4454 4011 4523 3659 3935 4019 4451 4538 4013 4253 4654 3978 3667 4346 3987 3975 4094 4388 3916 4061 3821 4581 4219 4203 4557 4259 4201 4193 4403 4261 4437 4051 4095 4255 3976 4001 3818 4089 4115 4235 4074 3871 4177 4185 4269 3990 4394 4381 4309 3776 4096 4017 4212 4168 4160 4457 4078 3932 4349 4180 4266 4064 4060 4350 4112 4242 4077 3789 3834 3988 4361 3906 4180 4043 4644 4150 4354 4290 3988 4031 4204 3851 4227 3997 4397 3908 4218 4200 4616 3925 3786 4295 4273 4156 4097 4103 4278 3670 4872 3930 4228 4094 4582 4086 3999 4145 4020 4015 4026 4313 4391 4533 4567 3869 4548 4335 4383 3970 4499 3880 4129 4056 4214 4312 3892 4162 4336 4394 4305 4347 4509 3825 4109 3773 4322 4199 4350 4005 4139 4246 4330 3978 4289 4137 4185 3769 4117 3886 4463 4466 4079 4127 4357 4358 
3755 3993 3622 3578 3968 3947 4114 3865 3616 3756 3474 3619 4019 4000 3774 4498 4129 4269 3377 3721 3772 3652 3916 4117 4103 3919 3908 4159 4036 3970 3881 3989 4069 4424 3907 3842 4222 3942 3679 3702 4163 4007 4273 4110 3853 3949 4215 4093 4288 3564 3808 3852 4129 4440 4050 4016 4211 3912 3723 4341 3633 3807 3899 3918 3690 3930 3584 4196 4131 4013 4305 4067 4090 3866 4145 3866 4059 3718 3951 3758 3966 3880 3965 3817 3737 4274 3840 3872 3944 4011 4140 3661 3900 4023 4076 3858 3648 3621 4110 3948 4030 4019 3616 3532 4177 3864 3926 3968 3877 4013 4189 4051 3858 3453 3670 4008 4078 3599 4077 3560 4077 3987 3996 4194 3537 3799 3845 3805 4414 3820 4183 4000 3716 3583 4092 4035 3900 3911 4257 3998 3945 4066 4195 3559 4438 3714 3913 3701 4377 4051 3674 3370 4117 3906 3786 3841 3878 4091 3947 3686 4237 3932 4247 3916 4239 3740 3732 3692 4102 4046 3821 4460 3909 4072 3815 4095 4206 3859 3524 3667 4189 3913 3621 3869 3959 3898 4232 3632 3766 4128 3888 3385 4101 3558 4181 4444 4018 3886 3956 4243 
3770 4139 3659 3591 4061 4263 3976 4232 3640 3558 3565 3856 4055 4001 3913 4354 4129 4258 3700 3796 3999 3754 4104 4137 3775 3735 3821 3970 4149 4110 4135 4249 4084 4482 3485 4153 4300 4198 3894 3805 4458 4089 4217 4222 3959 4097 4426 4275 4239 3631 3875 3740 4170 4348 4009 4120 4128 3954 3701 4344 3746 3707 3985 4229 3813 3924 3937 4121 4106 4222 4049 4292 4073 3806 4116 3979 4143 3968 4079 3969 3831 3958 3826 3737 3653 4296 4135 3932 3926 4058 4040 3666 4060 4079 4234 3807 3827 3623 3906 3876 3864 4215 3896 3596 4051 3943 4060 4206 3789 3884 4075 3865 3950 3606 3623 3817 4243 3931 4065 3934 4238 3865 4106 4146 3911 3829 3905 3815 4313 3845 4301 3974 3885 3828 4151 3965 3788 4056 4024 3919 3998 4140 4226 3812 4707 3702 4042 3719 4560 4186 3673 3528 3839 3944 3910 4247 3967 4209 4081 3629 4184 4246 4387 4025 4339 3703 3739 3896 4078 4044 3760 4297 4142 4108 3896 4111 4124 3772 3684 3689 4328 4187 3780 3889 3956 4011 4133 3492 3835 4202 4026 3346 3896 3846 4301 4327 4161 3690 3840 4224 
3929 4104 3714 3737 3940 3868 3979 3931 3561 3816 3667 3638 4012 4159 3897 4267 3976 3942 3902 3841 3868 3796 3912 4294 3894 3741 3828 4014 4079 4223 4051 4130 3880 4408 3949 3938 4166 4033 3794 3888 4275 4102 4050 3967 4159 3930 4184 4068 4100 3414 3933 3737 4372 4246 4129 4286 4241 3780 3381 4375 3780 3706 3737 4160 3834 3894 3893 4060 4078 3767 4157 3987 3891 3819 4108 4159 4284 3745 4018 3951 3846 3975 3900 4032 3884 4139 4011 3859 3782 4114 3941 3428 4167 4177 4252 3781 3878 3638 4044 4198 3914 3897 3990 3618 4228 3916 4158 3875 3561 3816 4006 3916 3679 3674 3742 3824 4154 3834 4026 3781 4043 3880 3818 4117 3794 3904 3727 3937 4332 3735 4127 3872 3916 3884 4169 4146 3834 4036 4112 4029 3970 4064 4119 3728 4651 3915 3890 3710 4349 3645 3758 3801 3780 4056 4022 4281 4047 4029 3917 3678 4163 4360 4026 3819 4141 3902 3681 3855 3958 4081 3886 4135 4592 4368 4062 4074 4070 3766 3800 3759 4159 4264 3903 3941 4004 4091 4005 3805 4052 4162 4074 3565 3955 3777 4255 4106 4132 3508 4030 4046 
4118 4350 4094 3988 4540 4138 4248 4414 3770 4003 3704 3817 4331 4104 3874 4544 4080 4376 3850 4031 4073 3940 4178 4552 4200 4124 4124 4760 4392 4007 4324 4089 4413 4688 4101 4384 4282 4146 4136 4269 4784 4285 4310 4271 4033 4404 4692 4165 4552 3654 4235 3772 4277 4620 4218 4478 4371 4431 3892 4465 4016 4350 4142 4425 4018 4233 3777 4574 4488 4550 4445 4359 4167 4278 4314 4062 4463 4090 3968 4544 4298 4091 4010 4032 4256 4206 4238 3951 4257 4310 4517 3923 4238 4344 4224 4144 4119 3803 4323 4451 4199 4435 4176 4067 4265 4316 4421 4152 3828 4285 4402 4246 4186 3747 4245 3925 4246 4152 4343 4027 4648 4413 4484 4595 3820 4171 4248 4017 4477 4167 4534 3985 4265 4131 4513 4120 4068 4387 4541 4142 4217 4273 4435 3985 4800 4147 4336 3943 4737 4306 4205 3811 4200 3948 4101 4477 4364 4608 4479 3978 4236 4224 4537 4322 4590 3831 4074 4088 4492 4457 4022 4394 4315 4680 4095 4352 4216 4113 3882 4139 4341 4355 3932 4126 4023 3946 4592 3943 4333 4167 4210 3665 4184 3871 4411 4462 4037 3815 4254 4481 
4172 4310 4047 3817 4383 4198 4200 4367 3739 3853 3634 3939 4114 4190 4168 4542 4081 4318 3710 3984 4053 3899 4249 4175 4007 3967 4083 4218 4589 4221 4183 4128 4141 4408 3939 4205 4191 4105 4082 4002 4600 4346 4369 4221 4196 4297 4273 4258 4324 3713 4043 3841 4303 4587 4134 4155 4116 4056 3732 4291 3814 3933 3977 4164 4004 4034 3784 4288 4310 4204 4118 4138 4127 4027 4199 3983 4156 3753 4178 4153 4013 4014 4035 3914 3864 4341 4083 4049 4022 4184 4437 3871 4109 4491 4328 4004 3864 3608 4147 4201 3977 4287 4025 3727 4141 3916 4173 4222 3513 4232 4222 4014 4120 3663 4120 3792 4300 4166 4086 3981 4378 4012 4353 4334 3878 3990 4132 4057 4545 4074 4536 4226 4286 3854 4414 4111 3807 4120 4303 4058 4262 4050 4235 4007 4574 3999 4296 3796 4435 4145 3929 3770 4068 3796 4085 4357 4235 4326 4325 3807 4400 4242 4198 4083 4410 3961 3885 3873 4210 4436 3991 4168 4283 4503 4027 4435 4174 3867 3868 3932 4456 4248 3970 3963 4025 4005 4152 3575 4034 4242 4210 3623 4266 3943 4401 4273 3974 3799 4039 4312 
4215 4254 4263 4020 4529 4435 4457 4468 3939 4328 3921 3898 4249 4400 4258 4590 4240 4702 4178 4192 4241 4278 4475 4712 4251 4165 4437 4718 4408 4366 4329 4314 4567 4570 4108 4238 4423 4363 4304 4450 4683 4414 4448 4345 4231 4580 4765 4413 4824 4015 4230 4141 4644 4761 4463 4682 4534 4128 4105 4799 3880 4181 4282 4489 4207 4221 4232 4579 4635 4652 4705 4263 4497 4382 4531 4259 4594 4237 4498 4500 4426 4158 4233 4102 4248 4560 4404 4163 4265 4733 4717 4124 4575 4678 4598 4441 4043 3940 4578 4459 4508 4486 4492 4146 4514 4328 4185 4554 3964 4383 4450 4223 4183 4012 3994 4112 4626 4262 4337 4197 4725 4616 4468 4492 4336 4186 4164 4259 4481 4318 4683 4295 4451 4344 4745 4387 4225 4602 4487 4487 4406 4490 4687 3901 5040 4324 4434 4123 4904 4185 4056 4186 4347 4450 4481 4739 4436 4603 4430 4017 4543 4623 4771 4276 4898 4115 4013 4220 4593 4701 4121 4354 4770 4794 4437 4735 4387 4141 4114 4235 4536 4366 4158 4421 4206 4519 4750 4051 4394 4327 4474 4015 4670 4166 4678 4668 4454 3970 4488 4693 
4045 3933 3700 3503 4098 3979 3857 3899 3573 3851 3387 3620 3810 3976 3963 4256 4160 3955 3875 3730 3873 3719 3949 4064 3864 3797 3937 4111 4118 4055 4100 3917 4031 4207 3776 3769 4023 3853 4000 3756 4354 4092 4021 3616 3856 4061 4246 3997 4319 3579 3821 3742 4085 4216 3881 4301 4043 3697 3680 4323 3634 3907 3660 4137 3783 3885 3777 3829 3902 4076 4110 3964 3844 4024 4124 3789 4081 3989 4040 3959 3735 3872 3571 3776 3946 4181 3954 3795 3894 4004 4198 3641 3743 4123 4061 3720 3891 3349 4220 4083 4049 4293 3615 3735 4242 3752 3790 4183 3455 4098 3930 3720 3946 3469 3712 3822 4217 3910 4109 3523 3983 3952 4183 4022 3837 3710 3729 3666 4077 3732 4028 3959 3699 3771 4076 3826 3828 4055 3907 4047 3998 3871 4052 3532 4412 3886 3765 3527 4193 3907 3878 3594 4252 3791 4040 4093 3994 4276 3780 3747 4110 4086 4190 3880 4153 3723 3417 3844 4096 4294 3652 4229 4143 4204 3743 4157 3886 3599 3509 3728 4213 3961 3767 3923 3775 3987 4117 3359 3807 4166 3851 3602 3979 3590 3956 4037 3867 3813 3885 4145 
4169 4139 3898 3834 4272 4096 3997 4306 3751 4107 3527 3841 4120 4354 4022 4583 4101 4324 4198 3983 4124 3971 4301 4493 4090 3964 4152 4325 4390 4083 4236 4020 4223 4372 3951 4053 4283 4141 4058 4129 4409 4203 4377 4333 4072 4338 4368 4212 4613 3645 4059 3868 4400 4299 4155 4181 4236 3909 3825 4368 3846 3963 3999 4318 4133 4079 4152 4193 4305 4274 4342 4233 4100 4000 4581 3964 4129 4105 4262 4223 3935 3926 3912 3939 4096 4412 4298 3809 4154 4267 4357 3910 4024 4417 4226 4037 3926 3639 4239 4284 4013 4377 4185 3866 4228 4114 4060 4151 3683 4318 4070 4205 4034 3934 4049 4024 4369 4229 4245 3879 4356 4248 4250 4264 3805 3895 3877 3913 4427 4118 4409 3951 4307 3918 4745 4081 4124 4452 4332 4224 4313 4392 4243 3777 4809 4035 4145 3839 4467 3929 4144 4001 4311 3934 4173 4365 4381 4455 4342 3959 4421 4373 4457 4136 4456 3994 3937 4074 4272 4369 3957 4338 4116 4416 4201 4351 4343 4022 3863 4138 4177 4433 4218 4236 3996 4402 4112 3863 4056 4287 4197 3586 4598 3754 4467 4439 3991 3843 4221 4113 
4058 4086 4072 4057 4562 4257 4547 4456 3899 4058 3945 4114 4319 4428 4083 4758 4266 4464 4011 4137 4173 4032 4439 4836 4364 4027 4312 4583 4487 4325 4257 4317 4373 4764 4047 4301 4634 4518 4274 4040 4501 4418 4243 4143 4168 4472 4496 4494 4542 3830 4440 4071 4488 4777 4349 4359 4506 4086 4127 4563 3823 4070 4227 4405 3827 4323 4053 4606 4486 4527 4651 4318 4292 4348 4484 4329 4419 4048 4505 4385 4073 4125 4232 4016 4442 4416 4256 4117 4327 4462 4463 4011 4369 4619 4206 4232 4153 4030 4305 4742 4400 4525 4324 4085 4441 4186 4324 4352 4021 4481 4211 4385 4255 4154 4226 3943 4270 4310 4396 4303 4778 4439 4411 4749 4104 4208 4207 4233 4699 4197 4703 4194 4443 4189 4776 4281 4269 4328 4548 4321 4348 4503 4390 4335 4996 4197 4299 3891 4778 4206 4210 4126 4302 4317 4466 4638 4447 4515 4188 3921 4464 4345 4677 4444 4768 4127 3895 4169 4384 4573 4047 4418 4641 4861 4318 4606 4363 4016 3959 4021 4525 4351 4133 4339 4256 4277 4308 3795 4377 4420 4524 3915 4537 4019 4738 4651 3993 4085 4547 4400 
3873 4105 3946 3680 4217 4155 4087 4128 3574 3984 3450 3729 4044 4208 3836 4300 4274 4352 3646 4144 4192 3760 4169 4264 3866 3805 3982 4207 4270 4353 4144 4029 4160 4357 3675 4079 4374 3962 3904 4190 4595 4160 4263 4076 3753 4207 4194 4175 4132 3540 4086 3759 4325 4419 4140 4285 4147 3962 3698 4336 3691 3920 3809 4203 3938 4039 3844 4254 4151 4198 4272 4150 4109 4004 4188 3955 4103 3873 3867 3919 3871 4064 3749 3985 4005 4345 4128 3990 4087 4259 4079 3807 4112 4244 3983 3958 4007 3536 4160 4195 4101 4217 4032 3707 4155 3943 4203 3987 3608 4158 3894 4038 4000 3863 4180 3802 4147 3952 4242 3992 4360 4104 4175 4179 3841 3692 3967 3855 4433 4085 4312 3961 4044 4006 4262 4062 3750 4244 4482 4423 4142 4170 4257 3878 4778 4127 4024 3675 4367 4086 3909 3850 4155 3853 3938 4355 4328 4349 4234 3776 3979 4556 4305 4301 4633 3822 3762 4086 4068 4272 3901 4192 4147 4578 4114 4253 4346 3995 3689 3979 4122 3893 3895 4213 3896 4158 4095 3760 4217 4194 4083 3544 3975 4046 4270 4283 4010 3889 4025 4107 
4011 4223 3870 3937 4406 4191 4331 4244 3669 4013 3664 4035 4228 4273 3986 4541 4188 4613 3852 3950 3992 3993 4358 4402 3954 3937 4081 4328 4035 4155 4303 3908 4193 4616 3896 4320 4235 3923 3954 4158 4591 4307 4545 4197 4048 4434 4555 4275 4431 3655 3886 3813 4269 4512 4277 4313 4525 4195 3802 4262 3749 4107 4018 4230 4068 4251 3754 4225 4446 4540 4399 4358 4246 4107 4157 4202 4331 4065 4298 4303 4104 3998 3830 4121 3846 4111 4143 4068 4214 4311 4235 3835 4170 4449 4472 4178 3998 3735 4213 4151 4155 4400 4014 3854 4313 4188 4067 4221 3822 4211 4396 4176 4201 3703 4153 3886 4218 4190 4144 3898 4459 3945 4375 4137 3787 3847 3922 3987 4345 4366 4350 4022 4188 3799 4584 3935 4149 4514 4299 4061 4003 4127 4360 3785 4696 3986 4163 3704 4413 4186 4080 3743 4211 3930 4341 4313 4135 4371 4258 3755 4357 4320 4372 4165 4470 3841 3896 4144 4101 4279 3929 4415 4296 4368 3937 4370 4328 4136 3940 3858 4348 4219 4190 4006 3958 4147 4109 3687 4298 4115 4013 3540 4104 3762 4317 4284 4144 3844 4193 4345 
3679 3909 3989 3840 4152 4091 4172 4217 3675 4049 3626 3715 3864 4188 4014 4528 3940 4458 3782 3917 3912 3836 4192 4199 4089 3830 4077 4283 4078 4276 4062 4119 4156 4539 3881 4054 4371 4129 4155 4119 4259 4205 4237 4067 4028 4221 4215 4242 4418 3634 4183 3772 4037 4480 4108 4335 4232 4060 3917 4219 3836 3795 4090 4178 3954 4131 3964 4299 4356 4276 4311 4255 4176 3953 3992 4052 4368 3965 4302 4185 3972 3874 3957 3944 3901 4310 4025 4090 4034 4235 4172 3469 4237 4285 4033 3993 3832 3906 4203 4080 4154 4204 3942 3937 4456 3903 4171 4097 3895 4245 3993 4172 3939 3580 3753 3743 4338 4220 3826 3951 4204 3850 4351 4212 3820 3630 3979 3860 4400 3940 4318 4010 3989 3836 4378 3979 3963 4160 4218 4318 4039 4328 4220 3741 4733 3872 4278 3827 4476 4098 3832 3751 3944 4135 4170 4441 4204 4215 4237 3948 4287 4214 4428 4071 4303 3736 3843 4010 4030 4041 3966 4292 4387 4447 4162 4162 4204 3786 3714 3777 4337 4023 3884 4239 4105 4055 4144 3418 4000 4286 4125 3701 4244 3765 4376 4462 4224 3903 4297 4389 
3641 3891 3586 3710 3895 3715 3832 3936 3388 3516 3281 3508 3593 3887 3633 4151 4073 3918 3758 3551 3905 3623 3857 3835 3808 3528 3619 4238 3848 4009 3935 3770 3876 4140 3430 3831 4080 3814 3773 3871 4154 3903 3899 3821 3652 3845 3994 4041 3990 3391 3668 3498 4122 4166 4057 4065 3985 3590 3531 4047 3520 3511 3796 4087 3802 4019 3729 4128 4075 3886 3995 4144 3790 3898 4031 3880 4069 3808 3845 3870 3773 3512 3776 3533 3483 3905 3768 3713 3839 3993 3866 3263 3814 3943 3933 3669 3791 3603 3951 3816 3776 4008 3741 3479 4033 3780 3942 3906 3495 4034 3995 3674 3720 3438 3520 3547 4016 3643 3874 3643 4137 3827 3915 3822 3590 3872 3671 3708 3992 3840 4055 3751 3869 3585 4128 3840 3606 4062 3912 4082 3790 3741 3791 3666 4286 3700 3755 3551 4136 3699 3762 3427 3855 3720 3861 4102 3744 4130 3909 3600 4120 3848 4014 3904 4016 3595 3508 3880 3983 3953 3795 3925 4104 4194 3630 3824 3994 3615 3517 3579 3854 4009 3672 3827 3594 3664 3916 3454 3949 3878 3713 3267 3846 3580 3940 4106 3813 3584 3657 3899 
3635 3677 3640 3600 3911 3946 4013 3832 3544 3879 3454 3358 3704 4082 3551 3999 3792 3836 3425 3864 3635 3367 3935 3997 3949 3634 3623 4147 3930 3864 3909 3890 3660 4168 3621 3791 4062 3750 3711 3826 4301 3886 3792 4004 3887 4005 4138 3749 4086 3168 3856 3688 4018 4326 3903 4019 3955 3799 3557 4171 3744 3631 3403 3910 3656 3688 3697 3969 3908 3907 4059 3950 3774 3627 3812 3890 4202 3600 3831 3932 3569 3716 3428 3928 3795 3739 3963 3513 3795 3952 4093 3485 3605 3937 3823 3692 3624 3525 3931 4014 3773 3591 3524 3478 3914 3814 3933 3624 3492 3727 3848 3717 3732 3387 3670 3798 3851 3750 3850 3759 3864 3766 4095 3852 3496 3696 3629 3648 4150 3635 4000 3771 3618 3664 4152 3810 3878 3840 3986 4115 3618 3854 3738 3597 4182 3672 3834 3738 3952 3631 3719 3597 4053 3766 3498 4040 3578 4135 3741 3499 3961 3826 3997 3591 4071 3475 3650 3701 3856 3930 3616 3988 4065 4045 3707 3972 4022 3787 3637 3721 3817 3871 3747 3855 3885 3802 3977 3375 3584 3798 3686 3304 3849 3564 3944 4081 3939 3416 3893 3917 
4263 4549 3914 3848 4419 4213 4291 4454 3723 4185 3698 3862 4174 4045 3902 4579 4353 4267 3841 4077 4121 4200 4316 4264 4215 3971 4226 4517 4240 4412 4256 4262 4308 4465 4131 4170 4198 4231 4265 4203 4670 4335 4385 4266 4301 4328 4632 4284 4330 3867 4029 4012 4455 4442 4362 4411 4358 4074 3930 4465 3889 4096 4217 4299 3993 4339 4063 4560 4611 4474 4496 4392 4476 4361 4472 4083 4448 4044 4385 4388 4344 3891 3993 4314 3934 4610 4045 4026 4077 4513 4285 3877 4231 4241 4366 4307 3906 3605 4291 4518 4305 4072 4172 4195 4310 4005 4196 4209 3754 4124 4292 3989 3951 3918 3976 4122 4338 4157 4252 3675 4347 4437 4123 4493 3992 3896 4166 4059 4483 4358 4510 4284 4259 4123 4392 4374 4286 4428 4211 4565 4054 4218 4294 3909 4902 4029 4192 3700 4444 4140 4122 3866 4437 4163 4276 4630 4307 4404 4146 4324 4728 4434 4464 4266 4553 4023 3950 4006 4482 4319 4235 4164 4405 4500 4050 4213 4352 4009 4001 4020 4379 4370 4150 4337 4008 4478 4544 3767 4180 4171 4129 3849 4452 4142 4256 4372 4328 3943 4150 4339 
3713 4270 3819 3922 4240 3974 4055 4286 3888 3975 3692 3673 4151 4289 3984 4462 4095 4422 3840 4051 3932 4035 4256 4014 4156 3837 3947 4375 4218 4311 4263 4220 4143 4408 4036 4050 4310 4362 4097 3786 4561 4361 4185 4097 4255 4194 4510 4225 4434 3600 4083 3983 4260 4211 4047 4352 4169 3932 3776 4238 3951 3916 3714 3922 4018 4004 3819 4136 4184 4274 4199 3977 4063 3993 4317 4077 4252 3904 4172 4333 3943 3908 3826 3949 3921 3968 4092 3596 3965 4272 4320 3727 4134 4259 4350 3779 3801 3529 4205 4303 4114 4127 4057 3880 4161 4112 3834 4024 3899 4008 4390 4143 4113 3796 3756 3947 4329 4193 4156 3913 4494 4000 4166 4158 3878 3809 3890 3993 4494 3902 4250 3990 4054 3936 4337 3963 4213 4143 4182 4135 3976 3986 4407 3883 4751 3861 4291 3947 4093 4023 4047 3944 4038 3872 4036 4252 4319 4420 4054 3763 4101 4306 4438 4176 4453 3520 3910 3939 4005 4183 3795 4168 4422 4207 4028 4523 4135 3925 3870 3793 4282 4202 4173 3832 3854 4016 4224 3649 4092 4203 3993 3476 4112 3877 4367 4623 4117 3764 4213 4246 
4033 4077 3898 3781 4158 4287 3961 4104 3922 4145 3532 3776 4185 4235 3922 4424 4278 4306 3807 4066 3896 3789 4351 4466 3987 3929 4084 4367 4255 4235 4114 4058 4413 4407 4098 4179 4271 4171 3750 4148 4531 4502 4533 4036 4029 4513 4685 4361 4426 3646 3972 4006 4383 4388 4195 4262 4430 3865 3630 4326 3965 4021 3904 4373 4038 4115 4254 4329 4230 4239 4438 4244 4093 3856 4403 4055 4244 3956 4221 4226 3956 4028 3898 3906 3932 4363 4127 3833 3996 4264 4201 4034 4144 4549 4239 3847 4041 3754 4237 4100 4027 4285 3915 3739 4122 4011 4040 4339 3874 4261 4032 4114 4200 3833 3954 4168 4278 4016 4171 3904 4406 4052 4377 4419 4096 4083 4054 3785 4210 4011 4277 4009 4224 4018 4638 3938 4083 4198 4385 4277 4055 4249 4377 3914 4660 4237 4272 3986 4634 4071 3940 4068 4168 4059 4290 4286 4363 4402 4355 3918 4274 4464 4582 3907 4258 3818 3891 3941 4203 4340 3802 4336 4256 4382 4070 4279 4361 4073 3984 3887 4073 4155 4145 3855 3800 4116 4421 3666 4125 4138 4046 3592 4261 3671 4554 4495 4085 4080 4087 4414 
4443 4254 3936 4138 4505 4341 4499 4382 4156 4395 4045 3988 4572 4510 4252 4893 4266 4598 4052 4221 4303 4072 4370 4700 4360 4257 4305 4736 4442 4507 4396 4588 4348 4625 4048 4373 4324 4297 4327 4202 4739 4544 4379 4301 4259 4620 4679 4600 4769 3917 4243 4203 4603 4739 4208 4432 4481 4351 4147 4463 3972 4311 4065 4454 4129 4326 4315 4558 4621 4583 4540 4491 4400 4447 4426 4232 4500 4293 4338 4575 4246 3994 4169 4163 3950 4491 4402 4054 4362 4526 4750 4010 4119 4593 4524 4056 4199 4139 4328 4489 4341 4667 4106 3932 4539 4366 4367 4427 3997 4507 4396 4209 4276 3942 4174 4308 4398 4311 4500 4043 4642 4215 4730 4608 4218 4162 4352 4196 4757 4296 4586 4297 4343 4221 4757 4395 4502 4419 4604 4406 4410 4260 4501 4203 4818 4228 4347 4227 4657 4428 4281 3969 4533 4192 4335 4352 4355 4575 4511 4046 4554 4439 4622 4289 4703 3910 3992 4349 4498 4627 3950 4638 4663 4529 4431 4438 4641 4079 3993 4090 4512 4519 4185 4435 4268 4315 4510 3779 4469 4402 4408 3992 4649 4101 4570 4843 4239 4287 4541 4670 
4426 4503 4086 4217 4527 4243 4368 4524 3973 4081 3746 3991 4428 4437 4270 4717 4406 4589 4082 4119 4187 4145 4202 4499 4355 4131 4217 4588 4488 4352 4529 4262 4629 4546 4259 4163 4430 4171 4333 4308 4996 4556 4581 4217 4235 4428 4526 4546 4399 3929 4261 4262 4574 4615 4285 4421 4789 4138 3952 4429 4213 3954 4115 4303 4075 4344 3870 4409 4380 4346 4390 4507 4207 4127 4414 4193 4482 4265 4283 4527 4216 4134 4040 4151 4232 4481 4275 3950 4254 4405 4340 4181 4402 4613 4498 4246 4054 3941 4289 4518 4521 4430 4243 4146 4464 4156 4370 4291 4133 4294 4291 4180 4310 4105 3916 4141 4508 4410 4465 4001 4679 4457 4335 4502 4030 4092 4173 4162 4689 4236 4527 4157 4276 4002 4725 4426 4213 4357 4521 4435 4170 4432 4687 3843 4925 4277 4411 4072 4537 4228 3993 4172 4289 4107 4324 4590 4491 4629 4283 4201 4728 4378 4458 4441 4636 3865 4172 4172 4469 4466 3949 4410 4419 4452 4361 4645 4444 4200 3810 4071 4661 4445 4226 4143 4149 4356 4553 4071 4225 4241 4340 3913 4555 4116 4541 4692 4271 4141 4123 4672 
3631 3724 3544 3624 3938 3806 3843 4012 3482 3535 3258 3230 3700 3692 3687 4167 3842 3893 3394 3797 3756 3568 3844 3962 3816 3508 3683 3757 3961 3954 3740 3728 3772 4143 3730 3491 3921 3584 3649 3686 4037 3954 3770 3613 3692 3824 3978 4007 3997 3254 3942 3485 3905 4236 3731 3973 3855 3492 3475 4007 3572 3437 3439 4003 3744 3846 3596 3827 3894 3741 3989 3904 3846 3626 3988 3842 3849 3560 3629 3697 3736 3687 3696 3614 3683 3741 3748 3716 3790 3818 3816 3464 3935 3952 3612 3725 3576 3414 3960 3654 3602 3823 3628 3304 3911 3785 3766 3784 3611 3887 3465 3560 3821 3418 3419 3663 3772 3642 3884 3797 4012 4000 3842 3839 3584 3619 3549 3512 3949 3669 4084 3805 3588 3718 4051 3782 3885 3849 3930 3712 3619 3731 3905 3612 4174 3828 3888 3811 4247 3616 3479 3630 3668 3831 3941 3894 3619 4114 3925 3526 3880 3917 3899 3783 4151 3613 3452 3531 3804 3824 3467 3760 3859 3987 3736 3773 4088 3435 3414 3670 3958 3924 3507 3732 3670 3638 4156 3293 3759 3683 3852 3252 4041 3705 4177 4096 3703 3448 3875 4078 
4174 4192 3817 3869 4406 4201 4025 4251 3684 4056 3655 3702 4205 4217 4126 4533 4013 4189 3878 3971 3993 3859 4159 4370 4123 3844 4245 4495 4216 4097 4230 4046 4075 4384 4085 4312 4191 4191 4172 4070 4547 4310 4437 4119 4261 4478 4527 4338 4400 3624 4090 3957 4339 4542 4224 4461 4180 4045 3779 4409 3787 3846 3904 4235 3899 3984 4157 4356 4051 4424 4349 4037 4289 4184 4375 4130 4343 4171 4370 4322 4136 4087 3712 3921 3994 4093 3972 3955 4038 4168 4383 3916 4146 4482 4079 4031 4068 3528 4135 4245 3971 4297 3909 4211 4136 4101 4137 4169 3666 4065 4164 4039 4089 3691 3995 3846 4321 4089 4231 3838 4297 4313 4223 4444 3845 3853 3978 3871 4354 3943 4508 3979 4332 4011 4498 4148 4171 4387 4207 4109 4113 4302 4062 3956 4723 4067 4182 3717 4510 4069 4076 3959 4078 4017 4079 4310 4236 4527 4143 3917 4162 4245 4430 3910 4383 3783 3883 3695 4370 4248 3973 4185 4162 4540 3942 4192 4288 3930 3766 3969 4326 4457 4218 4218 4096 4250 4258 3698 3956 4184 4204 3920 4288 3836 4226 4209 3999 3838 4088 4405 
4066 4103 3807 4102 4270 4446 4439 4351 3655 4172 3475 3823 4256 4168 3802 4551 4352 4150 3914 3868 4200 3754 4423 4038 4282 4052 4042 4417 4375 4027 4293 3939 4143 4411 3872 3943 4192 4294 4006 3966 4613 4198 4284 4128 4414 4336 4421 4304 4582 3639 4123 3835 4597 4651 4147 4277 4364 3856 3728 4350 3986 4109 4032 4189 4233 4060 4185 4407 4315 4314 4423 4227 4211 3974 4274 4167 4552 4061 4274 4480 4103 3919 3794 3918 4279 4280 3994 3847 3992 4475 4137 3937 4031 4234 4205 3962 3938 3470 4206 4310 4038 4439 3914 3967 4460 4112 4069 4140 3807 4473 4084 4251 4022 3723 3826 4050 4454 4078 4164 3993 4430 4241 4270 4352 3863 3835 4020 3902 4525 4134 4439 4327 4347 4021 4391 4197 4182 4350 4170 3961 4006 4223 4362 4122 4974 3947 4265 3637 4688 4163 3980 3915 4239 4116 4213 4219 4172 4596 4475 3789 4181 4278 4393 4165 4357 3799 4008 4034 4276 4236 4022 3988 4262 4469 4092 4452 4307 3715 4137 3980 4443 4161 3970 4121 4190 4087 4344 3805 4290 4205 4278 3726 4326 3706 4306 4391 4205 3942 4360 4508 
3710 3986 3667 3773 3859 3789 3947 4031 3716 3751 3536 3877 3849 3927 3968 3976 3917 4154 3752 3807 3640 3657 3895 4075 4112 3742 3940 4073 4041 4003 3904 4073 3997 4215 3717 3932 4085 3824 3930 3518 4337 3950 4052 3930 3785 3875 4304 4071 4197 3547 3845 3503 4258 4167 3872 4109 4162 3537 3719 4188 3629 3733 3584 3874 3622 3745 3546 4071 3949 4138 3853 3790 3867 3721 4215 4007 4056 3752 4136 4041 3698 3664 3836 3951 3899 4002 3845 3770 3855 3934 4134 3569 3984 3876 4157 3793 3628 3387 3964 4147 4021 4047 3718 3431 4050 3989 4050 3952 3622 3879 3958 3935 3692 3606 3850 3885 3971 3731 3848 3922 4071 3952 3863 4172 3411 3738 3713 3793 4180 3758 4079 3909 3945 3831 4422 3862 3727 3893 4009 4109 3826 4001 3982 3557 4549 3759 4064 3716 4350 3710 3973 3700 3931 3727 4055 4029 3946 3998 3932 3587 4113 3992 4390 4028 4369 3799 3486 3754 3982 3940 3826 4260 3992 4199 3769 4030 3823 3761 3528 3833 4089 3950 3894 3796 3777 3905 4130 3628 4161 3781 3689 3331 4113 3638 4144 4183 3948 3709 4079 3912 
4311 4449 4290 4083 4780 4387 4400 4752 4008 4403 3792 4202 4425 4476 4225 4871 4483 4655 4136 4217 4172 4110 4323 4368 4464 4167 4462 4694 4708 4496 4509 4507 4505 4856 4040 4292 4741 4230 4431 4358 4872 4440 4718 4516 4235 4607 4610 4630 4663 4128 4436 4346 4690 4796 4719 4564 4582 4318 4141 4845 4180 4258 4342 4589 4331 4589 4396 4421 4574 4603 4727 4608 4490 4337 4584 4232 4566 4131 4575 4558 4304 4212 4381 4312 4501 4589 4634 4279 4395 4588 4623 4177 4369 4570 4586 4416 4249 3910 4328 4289 4376 4546 4395 4203 4616 4436 4534 4373 4351 4555 4506 4331 4383 3914 4010 4329 4585 4378 4661 4260 4761 4724 4659 4520 4152 4199 4309 4258 4506 4294 4735 4351 4429 4270 4912 4411 4296 4588 4368 4471 4306 4527 4658 4113 4869 4221 4512 4087 4749 4314 4316 4233 4637 4277 4322 4458 4456 4997 4450 4291 4713 4554 4764 4401 4881 4114 3975 4293 4509 4659 4097 4529 4298 4524 4319 4554 4490 3948 3933 4126 4601 4433 4231 4442 4266 4266 4527 3825 4555 4390 4270 3861 4614 3932 4532 4818 4289 4142 4380 4736 
4331 4201 3842 3867 4129 4038 4067 4148 3800 3847 3527 3599 3914 4133 3786 4419 4080 4309 3672 4014 3986 3737 4203 4247 3835 3898 3742 4492 4169 4045 3947 4175 4081 4366 3817 4080 4152 3964 4062 3942 4615 4148 4002 4080 3851 4312 4306 4130 4264 3531 4043 3756 4028 4235 4088 4320 4129 3905 3797 4196 3508 3732 3727 4047 3747 4106 3719 4313 4127 4205 4042 4159 4108 4011 3993 3871 4367 3956 4030 4153 3972 3900 3868 3974 3845 4174 3813 3936 3877 4225 4306 3827 3972 4286 4135 3897 3908 3611 3965 4251 4045 4169 3922 3798 4017 4035 4134 4101 3635 4112 4117 4090 4011 3805 3898 4038 4001 3903 4175 3666 4294 4128 4074 4214 3889 3936 4135 4016 4279 3946 4118 3999 3867 3853 4265 4081 3958 4040 4230 4460 4111 4096 4142 3761 4703 3990 4065 3848 4372 3967 3833 3896 4133 3815 4124 4266 4122 4366 4284 3588 4183 4329 4295 3984 4291 3731 3598 3893 4058 4343 3763 4173 4374 4192 4158 3907 4171 3991 3518 3832 4364 4285 3880 3891 3926 3894 4210 3781 4186 4127 4211 3761 4256 3764 4311 4170 4024 4055 3968 4241 
3659 3672 3644 3567 4189 3625 3836 4062 3452 3703 3255 3569 3972 3961 3577 3933 3798 4093 3646 3675 3767 3610 3837 4077 3789 3557 3554 4027 3993 3918 3866 3881 4023 3963 3617 3815 3705 3881 3612 3683 4344 3988 3932 3680 3627 3985 4063 3844 4037 3583 3817 3673 3969 4211 4120 3829 4073 3732 3517 4059 3656 3686 3611 3887 3638 4019 3370 4164 3958 3887 4016 3765 3789 3793 4023 3835 4031 3695 3839 4007 3542 3738 3521 3790 3471 4192 3985 3740 3666 3916 3989 3736 3966 4072 4053 3936 3505 3406 3823 3936 3725 3893 3779 3639 3910 3870 3833 3653 3777 3743 3812 4081 3958 3421 3831 3604 3843 3580 3843 3517 4156 3770 4011 3955 3452 3562 3847 3763 4147 3866 4099 3850 3791 3564 4015 3601 3709 3717 4079 3778 3780 3978 4163 3640 4164 3772 3846 3537 4242 3929 3522 3445 3657 3839 3894 4065 3829 4141 4023 3632 3930 3905 4255 3704 4142 3574 3513 3790 3966 4036 3764 4127 3869 4083 3721 3934 4054 3819 3521 3393 3951 3878 3820 3778 3718 3883 3744 3598 3808 3830 3780 3324 3915 3452 4006 4019 3671 3727 3842 3885 
3807 4049 3653 3870 4456 4130 4137 4355 3726 3901 3466 3873 4025 4150 4049 4441 3939 4387 3783 4092 4090 3975 4206 4408 3979 4009 3986 4415 4190 4090 4126 4426 4493 4286 4116 3868 4391 3889 3910 3969 4717 4391 4345 4147 4037 4252 4301 3889 4257 3617 3849 3842 4170 4407 4057 4388 4332 4094 3792 4507 3617 4001 3894 4382 3825 3886 3740 4233 4207 4285 4207 4196 3976 4044 4353 4112 4240 3885 3976 4143 3994 3954 3880 4065 3917 4307 4317 3996 4065 4188 4384 3674 3962 4194 4053 3962 3831 3493 4329 4340 4089 4144 3987 4022 4170 3987 4091 4111 3785 4174 4026 4097 4068 3837 4086 4155 4278 4170 4073 3749 4311 4128 4269 4297 3833 3985 4224 3847 4363 4144 4504 4046 4199 3800 4344 4328 3926 4211 4319 4263 4120 4181 4248 3935 4483 3988 4215 3954 4629 4099 4039 3496 4132 3814 3888 4235 4245 4406 4193 3827 4161 4264 4324 4074 4573 3735 3986 3957 4228 4338 3697 4381 4194 4491 3938 4370 4132 3856 3720 3894 4287 4105 3971 3971 4015 3980 4299 3389 4078 4261 4197 3495 4240 3944 4288 4270 3998 3854 4177 4343 
4415 4207 3926 4340 4377 4105 4136 4249 3828 4073 3871 3885 4149 4338 4015 4672 4213 4446 3954 3920 4081 3968 4409 4445 4327 3884 4189 4649 4146 4195 4182 4215 4248 4663 4239 4183 4545 4229 4127 4183 4602 4425 4343 4138 4178 4490 4592 4424 4313 3883 4204 4064 4573 4637 4039 4343 4485 3818 4027 4436 3756 4012 3986 4132 4247 3908 3859 4654 4325 4373 4484 4285 4344 3936 4455 4199 4464 4101 4329 4218 4166 3995 3982 4027 4160 4279 4139 4164 4259 4214 4262 3777 3965 4621 4271 3952 4127 3863 4370 4430 4088 4313 3966 3966 4427 4223 4340 4348 3954 4225 4315 4198 4078 3720 4079 4041 4299 4093 4249 4175 4366 4178 4182 4376 3884 3911 4048 3966 4665 4129 4385 4069 4284 4089 4688 4300 4218 4329 4295 4448 4170 4254 4396 3995 4979 4264 4276 4048 4631 4087 4091 3736 4361 4010 4293 4385 4114 4432 4361 3989 4373 4352 4524 4144 4347 3744 3858 3883 4371 4063 3867 4168 4481 4358 4139 4274 4340 4183 3858 3994 4299 4230 3973 4183 4334 4287 4492 3873 4108 4346 4365 3917 4378 3811 4700 4495 4197 4147 4416 4417 
4224 4150 3981 3878 4241 4239 4396 4133 3822 4218 3580 3916 4194 4216 4097 4392 4184 4256 3790 3931 4227 3842 4481 4426 4225 4024 4129 4296 4258 4007 3896 4246 4188 4463 3914 3964 4265 4146 4196 3821 4633 4211 4339 4326 4184 4154 4363 4335 4533 3629 3938 3887 4586 4658 4045 4104 4388 4080 4215 4330 3759 4086 4125 4101 4184 3829 3832 4392 4154 4487 4137 4159 4206 4321 4257 4091 4148 3965 4331 4175 4021 4120 3856 4107 4043 4402 4174 4133 4245 4417 4431 3669 4289 4199 4189 3942 4128 3889 4316 4417 4283 4348 4101 3950 4302 4121 4310 4028 4033 4375 4202 3925 4103 3841 4095 4162 4349 3927 4188 3903 4350 4027 4292 4311 3953 4112 4183 4128 4429 3890 4532 4109 4264 4130 4418 4434 4002 4363 4162 4168 4180 4431 4122 3952 4833 3958 4133 4080 4368 4116 4192 3953 4071 4022 4012 4418 4186 4604 4107 3891 4444 4291 4519 4365 4603 3875 3779 3958 4548 4334 3883 4408 4231 4396 4234 4320 4350 4007 3978 4021 4310 4406 4009 4002 4301 4687 3979 3736 4223 4148 4084 3756 4395 3997 4317 4308 4047 4049 4298 4220 
3838 3930 3725 3816 4169 3972 3845 4015 3591 3953 3572 3586 3955 3839 3789 4242 3888 4077 3519 3936 3792 3806 4132 4162 3922 3907 3700 4258 4149 3947 4274 3797 3855 4457 3846 4004 4085 3795 4074 3901 4473 4203 3940 3816 3892 4221 4453 3997 4080 3421 3986 3601 4014 4213 3919 4307 4114 3933 3774 4101 3581 3532 3540 4238 3754 3949 3563 4011 4038 4079 4071 4150 4149 3893 3972 3983 4125 4071 4134 4154 3868 3714 3930 3990 3786 4125 3741 4056 3996 4182 4173 3682 4297 4190 4056 3756 3633 3617 4033 4285 3699 4216 3917 3582 3982 3957 4043 4175 3795 3912 3882 3793 4158 3548 3917 3688 3873 3775 4205 3733 4267 3939 3884 4044 3923 3741 3956 3903 4289 3891 4371 4015 3857 3779 4144 3883 4118 3931 4248 3915 3999 4020 4110 3715 4655 3943 3948 3725 4386 3795 3927 3760 3875 3683 3965 4136 4163 4234 4183 3655 3969 4070 4222 4061 4392 3909 3612 3725 3954 4033 3788 4191 4049 4448 4171 3960 4360 3879 3749 3634 4137 4083 3726 4035 3962 3991 4008 3319 3981 4050 4057 3589 4063 3710 4295 4178 4066 3888 3902 4146 
4039 4016 3732 3801 4016 3988 3994 4129 3907 3974 3519 3961 3850 4209 4019 4464 3943 4191 3751 3915 3886 3530 4091 4025 3886 3714 3963 3947 4115 4156 3808 4237 4295 4164 3832 4015 4058 4155 4014 3724 4361 4067 4073 3958 3972 4010 4258 4492 4124 3576 4088 4008 4189 4238 3966 3976 4259 3819 3762 4339 3617 3686 3923 3977 3898 4031 3865 4310 3976 4207 4279 3896 4163 4248 4176 3820 4013 3862 4077 4065 3878 3868 3915 3776 3785 4176 4064 3874 3981 4045 4145 3689 3964 4415 4060 3991 4126 3431 3987 4146 3906 4307 3588 3770 4147 4073 4111 4174 3909 3996 4009 4099 4059 3958 3850 3883 3987 3885 4090 3920 4137 3910 4185 4148 3796 3601 4003 3788 4259 4009 4281 3995 4064 3897 4174 3994 3987 4109 4080 4049 4130 4244 4063 3791 4623 3915 3990 3920 4310 4065 3693 3559 4006 3889 4011 4308 4107 4337 4077 3599 4270 4115 4494 4176 4500 3745 3530 3606 4233 4224 3776 4057 4243 4140 4008 4241 4208 4003 3917 3847 4316 3880 3926 3999 3626 4017 3983 3749 4081 3957 4042 3693 4381 3853 4147 4389 3772 3782 3848 4099 
4037 4203 3648 3912 4290 4027 4284 4063 3799 4085 3710 4010 4274 4123 4093 4528 3992 4115 3776 3737 3922 3928 4213 4381 4055 3882 3972 4344 4186 4175 4106 4079 4079 4457 3858 4112 4437 4078 3877 3853 4561 4477 4229 4189 4048 4005 4387 4268 4351 3524 4040 3833 4292 4394 4175 4207 4251 3902 3773 4227 3653 3864 3904 4263 3913 4010 4034 4306 4177 4135 4380 4361 4089 3983 4438 4090 4200 4050 4201 4209 3939 3957 3952 3925 3955 4152 4110 4069 3860 4153 4083 3737 4032 4162 4248 3855 3898 3936 4146 4107 4120 4413 3952 3561 4149 3936 4129 4145 3920 4125 4191 3967 3928 3768 3913 4275 4256 4129 4083 3761 4272 4078 4190 4174 3938 3928 4108 3829 4395 4016 4479 4045 3884 4047 4645 4021 4077 4069 4136 4279 3956 4270 4302 3904 4672 3764 4040 3826 4695 4142 3932 3913 4054 4026 3995 4280 3997 4264 4105 3825 4143 4296 4441 4135 4483 3835 3850 3911 4116 4193 3881 4292 4061 4400 4133 4071 4418 3884 3870 3881 4361 4267 3899 4072 4029 3957 4179 3756 4039 4123 4064 3563 4261 3772 4327 4284 4099 4041 4060 4228 
3702 4011 3642 3654 4283 3912 3998 3991 3442 3814 3275 3540 3999 4054 3817 4156 3935 3971 3737 4013 3764 3615 4122 4140 3804 3760 3801 4243 4083 3921 3804 4098 4118 4156 3634 3919 3991 3828 3856 3690 4459 4126 3897 3822 3732 4027 3874 4049 4120 3319 3837 3492 3984 3940 3708 4052 4133 3852 3565 4112 3574 3694 3784 4162 3681 4007 3499 4023 4039 3951 3790 3951 3889 4019 4122 3780 3912 3756 3772 4094 3706 3449 3843 4027 3870 3967 4029 3558 3809 4068 4077 3540 3920 4095 4051 3620 3808 3549 3968 4094 3809 4131 3873 3821 4030 4010 3957 3866 3674 4022 3950 4111 3663 3630 3628 3820 3988 3895 3998 3615 4177 3829 3896 4064 3838 3760 3604 3674 4226 3722 4092 3870 3907 3732 4183 3887 3654 3841 3976 3852 3895 3702 4109 3655 4474 3817 4037 3705 4080 3906 3835 3669 3966 3618 3548 3985 4019 4172 3983 3585 4011 3987 3955 3813 4152 3442 3554 3908 4021 4029 3752 3948 4053 4216 4005 4164 3930 3801 3515 3428 4068 4030 3599 3881 3769 3898 3805 3452 3826 4032 3927 3424 3901 3543 4226 3904 3933 3585 3851 4023 
4444 4286 3962 4281 4405 4449 4252 4443 4143 4177 3990 3796 4580 4421 4379 4870 4139 4580 4281 4263 4273 4086 4536 4707 4169 4034 4227 4493 4436 4430 4334 4443 4541 4738 4231 4465 4445 4352 4323 4288 4936 4560 4196 4279 4302 4354 4706 4610 4605 3937 4376 4054 4490 4673 4425 4480 4635 4220 3862 4474 4044 4076 4240 4393 4210 4228 4219 4602 4613 4638 4578 4293 4405 4358 4536 4329 4667 4370 4445 4613 4265 4159 4112 4080 4149 4409 4506 3993 4115 4545 4623 4023 4354 4538 4322 4179 4328 4100 4336 4419 4172 4584 4419 4138 4564 4462 4460 4565 4144 4349 4291 4256 4199 4100 3979 4026 4463 4495 4409 4364 4778 4189 4587 4451 4134 4167 4221 4326 4363 4263 4636 4148 4595 4213 4765 4360 4277 4440 4299 4310 4252 4424 4521 4023 4981 4192 4339 4119 4800 4177 4246 4032 4345 4150 4342 4633 4548 4703 4464 3885 4799 4642 4749 4489 4659 4100 3878 4277 4369 4794 4320 4460 4639 4830 4431 4539 4432 4066 4011 4042 4497 4489 4111 4359 4180 4469 4664 3994 4500 4269 4346 3817 4576 4245 4572 4726 4196 4065 4241 4388 
4024 4102 3653 3894 4453 3977 3995 4162 3714 4033 3397 3834 4242 4166 4003 4452 4157 4178 3940 4001 3980 3981 4162 3984 3895 3905 3950 4362 4288 4322 4190 4165 4070 4538 3889 3732 4255 3999 4035 3968 4489 4382 4253 4241 4191 4123 4373 4210 4192 3501 4027 4224 4408 4277 4255 4564 4294 4035 3802 4380 3829 3970 3669 4288 4066 4202 3800 4103 4126 3978 4125 4418 4149 3868 4461 3927 4336 3973 4319 4101 3987 3777 3807 4072 4045 4138 4174 3726 3963 4256 4285 3805 3985 4231 4420 3919 4118 3572 4380 4194 3974 4264 4183 3710 4050 4001 4318 3954 3812 4125 4136 4091 3978 3859 3688 4119 4341 4115 4161 3968 4572 4244 4111 3991 4060 3996 3820 3802 4421 4104 4375 4291 4306 3880 4598 4056 4214 4330 4189 4238 3938 3866 4364 3740 4762 4005 4221 3814 4437 3864 3830 3740 4189 3999 4104 4119 4032 4487 4231 3977 4230 4134 4372 3997 4359 3753 3650 3850 4190 4249 3951 4386 4220 4261 4033 4351 4309 4020 3785 3880 4306 4291 4328 4030 4047 4082 4258 3449 4012 4135 4185 3712 4350 3719 4451 4522 4099 3977 4221 4280 
3906 3805 3865 3820 4170 3985 3929 4078 3731 3920 3526 3579 3856 4130 3921 4209 3738 3938 3623 3887 3764 3634 3901 4026 3993 3776 3706 4304 4023 4230 4043 3883 3876 4455 3898 3951 4237 3973 3717 4055 4256 4172 4109 4180 3959 4083 4215 3980 4148 3280 4015 3599 4290 4325 4169 4268 4087 3920 3613 4029 3631 3725 3905 3962 3810 3835 3799 4361 3893 3882 4330 4008 3918 3842 4169 3821 3937 3821 4135 3965 3835 3785 3851 3779 3929 3908 4288 3700 3924 4103 4196 3640 3899 4133 3969 3801 3915 3483 4150 3941 3900 4104 3928 3597 3908 3934 4050 3854 3458 4010 4049 4027 3941 3648 3785 3563 4156 3787 3811 3897 4281 4009 4184 3923 3784 3742 3692 3679 4139 4033 4403 4104 3978 3865 4479 3870 3962 4289 4304 4181 3981 3954 4227 3614 4512 3894 3926 3480 4461 3930 3654 3550 3950 4039 3781 4075 3874 4258 4201 3993 4147 4221 4318 3954 4399 3625 3731 3605 4048 4091 3598 4199 3984 4284 3882 4156 4250 3959 3616 3863 4026 3964 3902 4098 3864 4149 4055 3508 4001 4041 3958 3802 4101 3803 4213 4117 4002 3777 4059 4177 
3913 3974 4079 3885 4402 4189 4040 4233 3539 3977 3752 3598 4070 4255 3950 4419 4201 4218 3901 3898 4065 4084 4152 4344 3927 3719 3828 4477 4147 4203 4072 4224 4232 4539 4058 4008 4422 4357 3851 4076 4464 4292 4194 4291 4069 4474 4247 4174 4442 3899 4164 3752 4338 4582 4132 4398 4318 3850 3939 4278 3824 3839 3855 4190 3744 4017 3932 4320 4353 4191 4304 4205 4370 4157 4201 3719 4153 3970 4151 4011 4178 3972 4005 3999 4021 4126 4265 4257 4127 4254 4340 3907 4322 4252 4384 3989 4168 3705 4285 4160 4225 4348 4215 3953 4443 4092 4095 4315 3814 4228 4163 4310 4052 3786 3772 3912 4382 4018 4163 3973 4421 4275 4086 4471 3846 3871 3896 3885 4282 3996 4193 4066 3985 4177 4435 3994 3991 4325 4196 4209 4169 4313 4526 4082 4784 4005 4341 3865 4557 4050 3886 3995 4091 4268 4108 4245 4259 4281 4412 3789 4143 4396 4523 4044 4516 3630 3855 3874 4105 4217 3851 4364 4360 4437 4104 4074 4328 4001 3773 3759 4418 4336 4056 3883 4086 4293 4193 3978 4031 4216 4153 3619 4166 3967 4336 4337 3965 4017 4061 4350 
4138 3987 3650 3822 4238 3958 3972 4182 3497 3706 3490 3527 4004 4127 3833 4335 3811 4129 3502 3918 3851 3730 4060 4006 4130 3754 4050 4347 3999 4015 4085 4054 3909 4101 3665 3902 4134 4022 4025 3899 4206 4158 4029 3877 3903 4154 4054 4126 4010 3565 3780 3761 4037 4397 4070 4254 4011 4021 3752 4050 3686 3962 3803 4112 3812 3929 3792 4329 4170 4187 4199 3852 3916 3983 4070 3978 4100 3860 4090 4085 3928 3588 3739 3944 3818 3979 4079 3713 3926 4074 4205 3704 3953 4175 4101 3901 3767 3704 4209 3933 3910 3864 3865 3673 4079 3833 4279 4102 3795 3961 4023 4030 3729 3660 3741 3778 4055 3916 4080 3531 4347 3992 3905 4021 3667 3776 3995 3749 4351 3920 4217 3737 3911 3995 4422 3949 3936 4031 3968 4090 3798 3843 4126 3893 4615 3769 3906 3727 4368 3923 3822 3799 4067 3872 4043 4177 3951 4339 4001 3809 4282 4026 4143 3917 4258 3594 3863 3745 4180 4128 3824 3976 4046 4395 4066 3983 4110 3827 3729 3644 4227 3811 3695 4038 3932 3945 4204 3390 3931 3996 4180 3727 4011 3615 3988 4100 4104 3993 4034 4057 
3877 4297 3564 3951 4389 4109 3981 4377 3758 3801 3710 3708 3764 4275 3777 4311 4086 4330 3789 3932 3891 3935 4168 4195 3932 3882 3770 4093 4023 4267 4056 4305 4115 4368 3883 4107 4158 3911 3903 4025 4448 4158 3953 4087 4093 4243 4417 4416 4191 3407 3998 3707 4304 4331 4035 4477 4329 4021 3981 4138 3495 3874 3896 4030 4088 4142 3572 4371 4165 4221 4232 4200 3881 3951 4333 4117 4129 3796 4249 4103 3953 3778 3967 4011 3798 4223 4044 3892 3750 4196 4263 3739 4167 4081 4120 3960 3939 3731 3943 4388 3762 4082 4075 3616 4067 3979 4057 4234 3830 4171 4330 4080 3983 3707 4009 3823 4020 3981 4112 3939 4255 3996 4051 4336 3798 3768 3976 3855 4361 3766 4405 4033 4102 3839 4429 3889 4042 4028 4101 4017 3938 3930 4302 3981 4565 3663 3987 3810 4341 4035 4074 3789 4059 3945 4008 4292 4116 4235 4337 3948 4243 4353 4384 4055 4475 3683 3570 3979 4065 4326 3894 4156 4039 4353 3699 4393 4321 3802 3756 3622 4249 4106 3979 3789 4053 3820 4268 3550 4118 3907 4076 3726 4159 3828 4433 4429 4119 3783 4076 4311 
4374 4326 4093 4187 4387 4417 4651 4299 3899 4412 4001 4152 4639 4454 4245 4702 4354 4399 3994 4117 4186 4156 4578 4610 4402 4124 4235 4597 4640 4369 4398 4272 4504 4526 4180 4290 4446 4409 4257 4195 4899 4646 4445 4646 4277 4555 4656 4427 4558 3957 4308 4316 4542 4825 4357 4567 4621 4044 3938 4578 3957 4070 4337 4511 3957 4044 4045 4415 4618 4489 4585 4333 4403 4475 4516 4252 4767 4210 4404 4369 4272 4039 4040 4482 4340 4470 4312 4237 4269 4531 4784 3930 4505 4540 4436 4131 4274 3930 4655 4434 4273 4288 4082 4024 4578 4323 4658 4364 4017 4375 4435 4512 4320 4022 4195 4353 4585 4138 4270 4107 4698 4482 4416 4663 3877 4261 4346 4257 4431 4295 4534 4091 4332 4169 4816 4344 4186 4481 4703 4709 4354 4409 4408 3876 4961 4241 4447 4230 4779 4058 4184 4022 4499 3968 4350 4542 4479 4489 4422 4000 4558 4359 4645 4394 4692 4040 4367 4076 4491 4375 4311 4615 4492 4731 4303 4509 4624 4382 3909 4145 4423 4590 4435 4178 4292 4446 4571 4099 4296 4433 4395 3774 4607 4387 4615 4754 4011 4356 4331 4601 
3954 4035 3615 3676 4166 4184 3965 3972 3652 3913 3492 3839 4019 3983 3766 4237 3869 4229 3525 3908 3843 3492 3951 4127 3775 3834 3955 4076 4140 3946 3849 4235 3887 4117 3567 3903 4212 3891 3963 3763 4385 4025 4083 4072 3903 4112 4200 3950 4096 3570 3787 3786 3948 4111 4033 4079 4247 4060 3535 4295 3559 3745 3664 3976 3943 4002 3607 4124 4023 4040 4016 3878 4027 3868 4158 3784 4115 3913 3851 4057 3539 3641 3719 4063 3805 4107 3979 3788 3746 3928 4091 3611 3851 4260 4028 3966 3811 3579 3850 4211 3966 4153 3748 3651 4069 3853 3829 4040 3612 3959 3804 4130 3855 3716 3738 3794 4001 3929 3806 3774 4280 3891 3918 3872 3791 3688 3742 3873 4282 3934 4211 3901 3736 3616 4230 3946 3958 3979 4196 4154 3856 3957 3950 3454 4612 3781 3918 3860 4363 3907 3867 3602 4003 3631 3837 4074 4007 4365 4025 3556 4002 4033 4008 3919 4036 3836 3474 3629 3967 4065 3791 4293 4125 4146 4201 3976 4007 3836 3645 3861 4194 4045 3710 3855 3806 4084 4061 3472 3916 4136 3837 3574 4193 3574 4226 4072 4075 3828 3749 4316 
3835 4106 3502 3641 4174 4068 4031 4121 3752 3668 3340 3719 4005 3862 3878 4307 3958 4109 3653 3808 4262 3849 4010 4154 3863 3639 3672 4016 3939 3888 4118 4166 3867 4252 3788 3808 4211 3950 3697 3705 4410 4456 4103 3984 3728 3960 4088 3946 3914 3496 3808 3730 4197 4200 3852 4097 3959 3918 3557 4266 3659 3682 3629 4212 3720 3926 3586 3828 3983 4128 3977 4289 3948 3832 4186 4025 4228 3810 3819 4207 3712 3774 3717 3665 3656 3961 3995 3861 3872 4113 4079 3686 3922 4160 4109 3705 3864 3719 3863 3821 3991 4101 3712 3471 4064 3844 3915 3830 3696 4036 3999 3801 3907 3439 3816 3650 4135 3795 3980 3626 4255 3916 3946 3908 3788 3811 3808 3841 4056 3896 4191 3911 3772 3782 4095 4043 3797 4082 3974 4039 3837 4078 3909 3721 4720 3760 3957 3735 4196 4095 3761 3526 3630 3785 3935 4223 3762 4240 4047 3652 4185 4210 4158 4002 4276 3376 3669 3862 3988 3896 3484 3881 4110 4233 3929 3993 4091 3690 3591 3523 4261 4063 3623 3796 3752 4119 4053 3436 3830 4282 4114 3594 3844 3971 4300 3987 3880 3476 3831 4249 
4193 4345 3752 3701 4146 4033 4112 4036 3679 3825 3545 3791 4285 4248 4003 4526 4190 4055 3821 3932 4231 3723 4180 4420 3949 3908 4206 4268 4327 4190 4122 4245 4214 4263 4048 3988 3986 4211 4093 3832 4492 4402 4362 4027 4146 4313 4489 4235 4171 3695 4048 3825 4347 4633 3983 4411 4297 4108 3627 4285 4038 3989 3686 4314 3929 3953 3939 4336 4334 4246 4142 4151 4147 4181 4262 3881 4306 3967 4098 4209 3954 3998 4101 4080 3910 4257 4034 3815 4109 4217 4214 3675 4040 4290 4192 3939 4080 3907 4024 4105 4007 4297 3898 3901 4389 4070 4338 3952 3821 4126 4139 4319 3883 3938 3959 4012 4142 4003 4205 3602 4290 4084 4091 4437 3953 3713 4151 3844 4504 3933 4347 4066 4134 3959 4426 4102 3908 4195 4193 4035 4181 4369 4337 4066 4895 3975 4100 3744 4506 4236 3885 3813 4100 4023 4070 4468 4377 4593 4199 3668 4169 4408 4332 3951 4371 3748 3879 4033 4104 4282 3861 4305 4244 4404 4043 4229 4237 3869 3737 3682 4320 4337 3999 4160 3910 4045 4078 3730 4131 4014 4231 3627 4308 3949 4353 4277 3989 3916 4286 4179 
3688 4007 3477 3557 3898 3997 3908 3899 3512 3772 3534 3690 4055 4034 3890 4225 3871 4062 3682 3855 3745 3817 3743 4108 3853 3764 3907 4038 4039 4102 3822 4111 3998 3911 3691 3732 3896 4005 3635 3839 4395 4007 4086 3917 3767 3974 4207 4036 4125 3404 3704 3658 4068 4089 3917 4155 3941 3771 3499 3881 3398 3761 3885 4163 3778 3679 3683 4223 3956 4120 4079 3891 3759 4030 4129 3699 3833 3664 3993 3849 3761 3645 3625 3658 3788 3832 4089 3571 3910 3769 3931 3572 3953 4208 4018 3819 3897 3430 3897 3788 3996 4129 3767 3676 3997 3883 3956 3906 3530 4058 4009 3884 3843 3606 3477 3734 4010 3837 3798 3770 4247 3937 3915 4083 3896 3691 3628 3538 4205 3878 4215 3751 4023 3533 4257 3803 3615 4199 3889 3980 3924 3916 3932 3509 4417 3612 3916 3794 4119 3921 3729 3513 3535 3878 3761 4231 3802 4006 4081 3490 4042 4023 4070 3774 4386 3338 3609 3734 3884 3991 3501 4016 3997 4095 3847 3976 3999 3600 3732 3764 3943 3864 3884 3764 3311 3740 3899 3446 3979 3786 3709 3400 3845 3791 4133 3909 3868 3538 3797 3889 
3948 3951 3685 3930 4196 3938 3751 4053 3667 3902 3448 3609 3909 3930 3915 4377 3780 4269 3660 3804 3917 3932 3705 4042 3915 3899 3988 4072 4166 4087 3956 3989 4146 4339 3821 3889 4035 3739 3825 4073 4378 4190 4080 4059 4207 4077 4061 4338 4229 3576 3818 3953 4172 4341 4002 4272 3973 3827 3706 4287 3720 3743 3950 4179 3817 3810 3707 4223 4045 4305 4345 3953 4030 3959 4108 3855 4055 3806 4172 4051 3678 3830 3776 3953 3855 3974 4047 3905 3949 4084 4272 3767 3919 4276 4095 3747 3956 3436 3954 4133 3815 4125 3897 3844 3978 3909 4049 4039 3766 4246 4116 3883 3981 3667 3876 3605 4119 3896 4128 3845 4379 3865 4100 4117 3661 3600 3853 3766 4360 3718 4150 3779 4050 3759 4280 3940 3967 4130 4088 3814 4002 3909 4229 3611 4576 3866 4204 3672 4335 3837 3764 3721 3904 3822 3964 4120 4073 4179 3975 3738 4009 3953 4310 3974 4081 3624 3689 3724 4020 4176 3752 4223 4144 4211 4059 4104 3889 3804 3468 3801 4068 3859 3937 3803 3817 3999 4126 3784 4169 4093 3710 3589 4037 3451 4201 4305 3805 3898 3889 4037 
3962 4111 3875 4020 4128 4047 4221 4293 3560 4216 3753 3644 4051 4095 4049 4481 4025 4192 3762 3928 3991 3937 4213 4323 4106 3663 3911 4224 4111 3965 3942 4105 4142 4326 4135 4081 4160 4051 3877 3869 4471 4139 4076 4175 3801 4291 4493 4121 4211 3583 4018 3724 4327 4202 3911 4311 4488 3874 3597 4174 3697 3799 3836 4328 3914 4023 3725 4342 4199 4243 4179 4194 3931 4131 4024 4176 4061 3946 4000 4136 4000 3889 3785 3994 3958 4073 4023 3879 3837 4286 4258 3533 4125 4177 4191 3965 4031 3926 4264 4299 3819 4211 3896 3612 4279 4101 4173 3969 3735 4099 4155 3881 4062 3609 4033 3965 4085 3942 4120 3889 4222 4140 4152 4263 3793 4110 3729 3881 4172 3863 4302 3843 4078 3751 4388 3960 4026 4099 4205 4341 4101 3964 4091 3722 4850 4069 4076 3819 4252 3929 4020 3801 3743 3841 4093 4272 4013 4239 4175 3705 4187 4258 4537 4155 4497 3559 3710 4086 4203 4129 4158 4137 4051 4382 3910 4299 4205 3828 3795 3606 4214 3995 3711 3955 3885 4076 4320 3640 4162 4096 4182 3494 4090 3874 4500 4117 3887 3710 4248 4287 
4523 4536 4237 4205 4601 4375 4598 4643 4145 4228 3999 4268 4558 4575 4433 4923 4832 4683 4025 4213 4384 4315 4596 4629 4471 4199 4349 4939 4760 4640 4602 4478 4440 4634 4160 4628 4633 4503 4518 4300 5034 4666 4703 4683 4270 4551 4768 4741 4984 3934 4433 4201 4705 4788 4512 4639 4789 4361 4273 4731 4070 4221 3973 4623 4356 4667 4294 4718 4842 4669 4730 4629 4590 4432 4503 4443 4676 4401 4577 4609 4349 4627 4300 4573 4563 4859 4601 4273 4254 4791 4574 4293 4642 4424 4778 4284 4075 4171 4643 4582 4533 4712 4224 4157 4746 4396 4495 4512 4092 4534 4498 4318 4487 4205 4187 4467 4581 4223 4743 4222 4891 4591 4682 4811 4482 4450 4375 4372 4952 4237 4784 4609 4191 4325 4878 4637 4566 4380 4816 4703 4439 4530 4572 4356 5370 4415 4811 4117 4845 4501 4370 4484 4573 4318 4515 4849 4573 4865 4565 4084 4590 4791 4960 4722 5017 4172 4057 4314 4750 4730 4424 4798 4668 4690 4621 4672 4711 4234 4090 4173 4850 4681 4175 4315 4149 4676 4658 4074 4689 4655 4408 4030 4884 4294 4789 5029 4585 4016 4590 4672 
4094 4130 3950 4038 4274 4107 4167 4199 3764 4075 3739 3791 4126 4315 4108 4504 4174 4348 3886 4056 3966 4039 4202 4261 4212 4081 4081 4444 4459 4359 4075 4281 4131 4305 4031 4069 4156 4204 4139 3975 4637 4382 4336 4015 4243 4241 4380 4430 4259 3786 4195 3924 4528 4467 4180 4452 4461 3922 3870 4343 3887 3894 3822 4403 4109 4138 3938 4262 4443 3988 4189 4256 4281 4043 4310 4089 4273 4169 4124 4105 4127 3984 4053 4055 3931 4254 4058 3924 4087 4491 4141 3646 4336 4447 4160 4133 3974 3777 4151 4387 4083 4252 3947 3789 4276 4088 4406 4293 3927 4118 4133 3940 4075 3844 3850 4110 4245 4030 4113 3907 4369 4223 4019 4337 3905 3989 4126 4026 4410 3864 4299 4221 4216 4140 4443 4244 4237 4087 4379 4361 4115 4328 4227 3777 4629 3931 4171 3940 4356 3747 4058 4102 4124 4029 4194 4152 4288 4290 4222 3856 4410 4358 4311 3958 4461 3886 4060 4042 4356 4214 3926 4241 4464 4476 4111 4247 4465 3908 4022 3943 4239 4260 3975 4139 3999 4109 4343 3797 4250 4211 4115 3620 4631 3743 4495 4464 4204 3953 4134 4313 
4163 4121 3970 4228 4252 4120 4052 4289 3962 4053 3669 3926 4242 4304 4020 4288 4103 4411 3913 3832 4006 3852 4030 4215 4143 3921 3961 4472 4085 4445 4305 4149 4213 4422 4178 4132 4135 4210 3946 4397 4607 4399 4140 3997 4323 4354 4354 4193 4302 3725 4138 4053 4320 4496 3868 4391 4411 4078 3976 4137 3889 3868 3978 3979 4107 4061 3742 4496 4197 4172 4343 4038 4234 4112 4115 4143 4275 3998 4323 4306 4241 3783 3991 3967 3868 4310 4224 4104 4156 4223 4375 3663 4078 4380 4294 4079 4248 3707 4259 4274 4073 4291 3949 3910 4243 4182 4328 4083 3868 4103 4431 4299 4058 3706 3937 3991 4303 4020 4170 3993 4389 3960 3962 4309 3683 3891 3988 4047 4386 4075 4471 3964 4065 3969 4537 4013 4234 4108 4340 4176 4121 4224 4374 3643 4782 3973 4152 3923 4457 4005 3919 3953 4082 3937 4361 4231 4115 4309 4416 4207 4295 4242 4397 4071 4234 3938 3826 3935 4271 4275 4052 4243 4346 4440 4212 4236 4471 4116 4064 3867 4251 3935 4350 4269 4049 4115 4264 3764 4239 4117 4039 3920 4208 3646 4421 4224 4203 4020 4087 4192 
4187 4113 3989 3959 4333 4267 4312 4429 3618 3961 3804 3817 4051 4259 4144 4610 4216 4562 3885 3982 3903 3965 4341 4437 4142 3854 4099 4398 4284 4134 4296 4179 4031 4406 3967 4135 4080 4088 4333 4003 4501 4334 4387 4106 4143 4445 4297 4298 4508 3550 4304 3869 4343 4499 3998 4340 4519 4138 3936 4494 3865 3999 4040 4078 3944 4233 3869 4288 4304 4509 4474 4039 4321 4321 4389 4163 4271 4041 4115 4142 4109 3916 3963 4150 4205 4342 4184 4081 4056 4455 4392 3928 4335 4246 4244 4138 3909 3809 4327 4311 4106 4315 3939 3904 4423 4246 4259 4306 3774 4049 4209 4080 3956 3943 3814 4220 4350 4037 4303 3986 4540 4274 4146 4264 3866 3966 4013 3977 4569 3979 4582 4012 4069 4160 4488 4165 4241 4214 4195 4128 4188 4265 4247 3956 4766 3980 4188 3941 4387 4078 4172 4075 4433 4004 4298 4388 4201 4581 4128 3636 4500 4127 4523 4421 4670 3898 3821 3991 4420 4660 3948 4418 4395 4508 4241 4439 4395 4013 3935 4010 4399 4371 4100 4220 3924 4347 4431 3951 4290 4144 4341 3780 4394 3875 4419 4370 4217 3839 4243 4258 
3992 4197 3679 4021 4371 3988 4112 4209 3593 4034 3437 3880 4231 4295 3930 4623 4118 4363 3708 3668 4178 3819 4153 4177 4283 3840 4104 4554 4166 4059 4021 3869 4243 4570 4074 4062 4367 3905 3994 4180 4419 4418 4144 4207 4196 4271 4271 4228 4346 3557 3958 3883 4147 4463 4211 4277 4126 4094 3706 4385 3792 3864 4237 4154 4220 4017 4033 4528 4224 4393 4367 3994 4082 3980 4293 3965 4288 4103 4335 4268 3949 3835 3874 3875 4011 4136 4057 4014 4131 4088 4067 3827 3954 4340 4070 3882 3991 3607 4040 4225 3907 4226 3799 3857 4040 4202 4167 4106 3789 4374 4275 4102 4032 3770 4152 3875 4308 3947 4197 3817 4348 4070 4333 4237 3620 3893 4036 3820 4193 3988 4321 3905 4227 4103 4546 4083 4155 4297 4251 4148 4039 4059 4259 3891 4549 3853 4153 3835 4525 3921 4073 3849 4223 4000 4078 4207 4087 4298 4374 4058 4199 4271 4317 4061 4264 3815 3850 3932 4249 4200 3781 4137 4112 4174 3965 3938 4194 3885 3850 3970 4135 4159 3951 3969 4111 4145 4406 3610 4179 4231 4051 3716 4306 3708 4364 4488 4074 3900 4117 4489 
3782 3786 3606 3593 3945 3705 3702 3800 3465 3628 3457 3533 3631 3929 3629 4104 3894 3846 3514 3770 3655 3599 3937 3880 3692 3508 3802 4001 4055 3941 3848 3707 3850 4137 3538 3747 4159 3676 4010 3768 4261 3938 4000 3786 3800 3866 4160 4136 3818 3154 3770 3706 4017 4060 3748 4137 4180 3653 3468 3887 3663 3581 3611 3955 3577 3789 3551 3909 3983 3935 3891 3852 3871 3688 3746 3721 3966 3838 3829 3926 3757 3734 3731 3807 3526 3937 3661 3538 3674 3976 3934 3583 3661 3928 3756 3653 3798 3620 3750 4094 3825 3872 3656 3568 3855 3695 3805 3953 3537 3975 3586 3696 3710 3743 3662 3817 4044 3694 3956 3617 4304 3855 3881 3916 3654 3743 3580 3486 4168 3833 4156 3727 3838 3725 4309 3457 3637 3803 3949 3940 3758 3805 3934 3727 4343 3944 3749 3685 4371 3637 3444 3414 3929 3555 3754 4049 3928 3955 3743 3594 4017 3913 4231 3779 4228 3679 3481 3671 3906 4162 3618 4056 4092 4131 3714 3825 4103 3564 3720 3786 3871 3880 3668 3866 3896 4082 4017 3360 3875 3750 3783 3545 3836 3649 4008 4115 3695 3669 3995 4057 
4094 4326 4051 3870 4435 4307 4301 4322 3839 4047 3642 3900 4333 4496 4295 4836 4242 4532 3887 4267 4141 3831 4221 4491 4219 4265 3982 4523 4257 4248 4251 4583 4590 4706 4002 4166 4346 4371 4375 4369 4506 4504 4474 4370 4010 4311 4490 4427 4561 3750 4270 3870 4609 4556 4213 4451 4509 4315 3941 4635 4029 4284 4440 4495 3983 4488 4034 4660 4340 4701 4474 4162 4150 4365 4495 4235 4365 3963 4214 4462 4180 4233 4158 4050 4469 4416 4482 4022 4224 4398 4536 4044 4389 4348 4460 4217 4210 4075 4309 4253 4368 4428 4218 3954 4455 4284 4428 4475 3984 4322 4104 4394 4190 4027 4181 4163 4384 4263 4164 4085 4923 4476 4505 4651 3968 4030 4082 4299 4449 4166 4691 4098 4358 4314 4556 4325 4037 4343 4493 4353 4392 4354 4567 4380 5056 3940 4462 3896 4723 4126 4111 4086 4233 4240 4222 4432 4367 4442 4383 4043 4632 4489 4384 4446 4901 3879 4009 4009 4242 4654 4171 4469 4462 4769 4131 4397 4465 4227 3899 4075 4413 4290 4030 4279 4020 4341 4501 3874 4396 4250 4237 3911 4390 4080 4526 4391 4128 3781 4152 4436 
4099 4252 4183 4105 4465 4190 4461 4475 3983 4207 3630 4068 4338 4356 4304 4540 4313 4533 3973 4069 4098 4096 4344 4219 4485 3964 4351 4661 4621 4300 4189 4243 4319 4654 4258 4214 4445 4275 4287 4175 4671 4495 4675 4403 4122 4467 4592 4413 4501 4048 4307 4047 4474 4668 4440 4484 4522 4163 4066 4514 4073 4077 4054 4316 4115 4191 4050 4781 4398 4489 4577 4341 4119 4267 4445 4285 4349 4158 4426 4473 4316 4083 4053 4322 4120 4583 4394 4240 4215 4478 4512 4099 4349 4417 4335 4245 3999 3961 4331 4384 4324 4447 4329 4067 4336 4175 4335 4352 3903 4272 4536 4366 4345 4157 4327 4464 4545 4150 4246 3859 4540 4390 4447 4276 3829 4199 4385 3930 4740 4180 4894 4350 4296 4194 4613 4313 4106 4321 4503 4599 4358 4493 4515 3965 4869 4219 4275 4097 4703 4207 4172 3774 4469 4375 4314 4551 4351 4658 4339 4220 4546 4531 4804 4541 4567 4043 3907 4117 4532 4461 3876 4603 4299 4383 4171 4413 4572 4101 4054 4127 4554 4547 4212 4280 4294 4580 4281 3824 4214 4206 4215 3826 4398 4061 4597 4787 4229 4146 4461 4593 
4057 4114 4011 4140 4340 4161 4074 4150 3838 4068 3561 3764 4348 4266 4045 4566 3977 4160 4002 4168 3956 3873 4132 4270 3922 3976 3988 4142 4260 4431 4155 4090 4395 4618 4026 4231 4235 4102 4285 3943 4586 4327 4289 4006 4213 4295 4482 4359 4341 3751 4311 4119 4220 4583 4135 4201 4479 3913 3621 4490 3784 4031 3894 4035 4064 4086 3790 4502 4187 4231 4439 4192 4147 4028 4438 4091 4371 4022 4321 4290 4218 4048 3933 3996 4147 4260 4194 3991 3924 4394 4222 3894 4252 4342 4137 4043 4233 3662 4360 4483 4189 4219 3911 3683 4465 4324 4114 4252 3955 4086 4300 4085 4106 3958 4050 3790 4242 4044 4294 4020 4290 4327 4240 4259 3874 3893 4176 3888 4483 4024 4427 4023 4180 4259 4285 4004 3982 4063 4257 4276 4081 4206 4301 3754 4697 4062 4112 3901 4467 4027 3925 3893 4417 4100 4122 4259 4275 4433 4314 3976 4517 4252 4622 4105 4472 3842 3573 4136 4470 4486 3993 4309 4409 4368 4025 4320 4366 4196 3891 4035 4174 4387 3960 4124 3987 4179 4419 3892 4140 4107 4166 3719 4406 3817 4458 4436 4205 3911 4021 4380 
3655 3938 3519 3781 4137 3896 3872 3913 3332 3699 3337 3604 3959 3815 3736 4054 3696 3967 3613 3701 3775 3727 4010 3948 3780 3611 3829 3867 3891 3848 3905 3721 3911 4103 3647 3961 4107 3893 3740 3640 4197 4008 4098 3852 3730 3761 4071 3922 3980 3449 3654 3692 4028 4224 3723 4124 4166 3654 3518 4020 3488 3658 3636 3928 3899 3765 3622 3976 3963 3988 4096 3927 3939 3630 4053 3810 3992 3626 3908 4183 3759 3593 3625 3633 3722 3981 3668 3694 3838 3975 3987 3617 4106 4100 3851 3692 3811 3570 3748 4050 4028 4031 3722 3622 4046 3768 3783 3781 3774 3818 3828 3841 3707 3551 3702 3553 3991 3517 3804 3539 4228 3778 3809 4145 3453 3862 3589 3506 4097 3833 4225 3783 3884 3554 4072 3756 3904 3977 3906 3607 3713 4009 3899 3689 4593 3769 3880 3802 4289 3819 3721 3555 3760 3627 3750 4008 4006 4056 3931 3563 3910 3880 4151 3680 4150 3638 3484 3639 3836 3936 3782 3978 3994 4092 3879 4090 3976 3515 3653 3434 4126 3845 3731 3598 3828 3946 4044 3440 3792 3912 3859 3520 3755 3579 4072 4221 3901 3535 3924 4019 
3853 3982 3409 3700 4228 4098 3902 3993 3209 3720 3532 3468 3743 3801 3730 4199 3768 4045 3541 3686 3624 3685 3915 4102 3665 3593 3698 3868 3736 3937 3926 3953 4007 3980 3709 3768 3877 3733 3848 3593 4077 3968 3907 3799 3711 3948 4013 4073 4082 3483 3666 3522 4061 4116 3684 4040 4113 3704 3545 3918 3781 3728 3752 3952 3754 3897 3641 4069 4062 3883 4113 3782 4065 4020 4009 3680 3995 3609 3917 3984 3924 3716 3853 3816 3662 3804 3913 3897 3621 3854 4010 3465 3658 3716 4093 3716 3624 3582 3925 3840 3864 4201 3732 3555 4085 3722 3752 4016 3377 3788 3918 3831 3557 3908 3583 3746 4016 3606 4045 3330 4119 3936 3796 4040 3664 3629 3848 3692 4066 3725 4022 3956 3599 3597 4315 3941 4016 4064 3667 4050 3931 3981 3914 3758 4585 3462 3700 3396 4188 3692 3591 3746 3842 3610 3865 3867 3644 4212 3920 3712 4154 4048 4020 3755 4422 3584 3492 3789 3979 4067 3527 3944 3957 4203 3823 3802 3779 3784 3761 3362 4093 3902 3654 3881 3685 3854 4008 3480 3999 3954 4094 3428 3898 3571 4097 3936 4025 3688 3724 3962 
4024 4156 3782 4077 4246 3945 4035 4291 3688 4015 3497 3713 4176 3908 3989 4164 4171 4119 3867 3943 3816 3844 4319 4020 4275 3878 4068 4325 4322 4288 4210 3908 4120 4384 3911 4051 4196 3822 4030 3896 4442 4306 4005 4096 4197 4326 4342 4312 4153 3686 4051 3759 4111 4261 4063 4418 4062 3935 3813 4444 3834 3820 3918 4066 4024 4136 3888 4326 4317 4056 3912 4186 4222 4071 4229 3961 4254 4205 3930 4360 3944 3797 3787 3987 4027 4061 4194 4153 3802 4361 4331 3562 4064 4107 4093 3958 4103 3673 4206 4219 3922 4285 3901 3778 4149 3961 4130 4171 3728 4169 4266 3841 4152 3751 3876 3819 4399 4018 4312 3837 4438 4112 4028 4310 3749 3881 3959 3862 4446 4016 4272 3744 4189 3821 4318 3912 4141 4040 4293 4166 3975 3943 4333 4059 4592 3959 4069 3722 4514 3903 4040 3651 4226 4002 3969 4272 4179 4352 4070 3998 3891 4276 4354 4153 4458 3784 3636 4047 4118 4143 3994 4321 4189 4441 3964 4229 4096 3872 3598 3861 4299 4055 3877 3894 3818 4070 4138 3455 3977 4007 4065 3675 4084 3743 4179 4274 4101 4117 4138 4172 
4327 4446 3946 4146 4394 4311 4160 4383 3899 3805 3576 4058 4151 4185 4020 4577 4177 4351 4099 4284 4172 4046 4234 4364 4300 3667 4149 4412 4272 4364 4130 4414 4241 4459 3990 3971 4166 4064 4175 4084 4734 4510 4423 4225 3942 4395 4510 4407 4580 3901 4164 4073 4511 4448 4256 4615 4427 4004 4113 4397 3663 3978 3886 4529 4155 4319 3921 4227 4263 4367 4358 4246 4032 4290 4569 4163 4281 4004 4484 4101 4228 3998 4168 4103 4054 4383 4415 4194 4020 4312 4479 3834 4375 4215 4314 4100 4138 3782 4299 4459 4181 4310 3924 3931 4436 4331 4250 4369 3710 4245 4101 4117 4044 3795 3875 4000 4409 4097 4431 4011 4546 4308 4297 4353 3940 4098 4202 4123 4496 4100 4702 4484 4209 4063 4640 4414 4257 4425 4442 4277 4231 4264 4153 3887 5137 4121 4371 3865 4500 4034 4019 3891 4236 3977 4414 4339 4348 4488 4445 4159 4239 4279 4496 4228 4501 3759 3754 4154 4537 4289 3943 4524 4311 4458 4135 4370 4232 4076 3788 3957 4412 4397 4094 4279 3984 4270 4362 3565 4183 4411 4323 3638 4419 4032 4462 4675 4193 4107 4233 4459 
4202 4361 3787 3934 4238 4155 4261 4144 3736 3873 3637 3892 4035 4110 4118 4354 3725 4262 3900 3875 3988 3808 4116 4385 3940 3863 3885 4243 4066 4148 3959 4450 3884 4379 3893 3983 3947 4072 3911 3943 4383 4183 4338 4036 3947 4209 4456 4205 4144 3387 3852 3813 4357 4494 3980 4587 4455 4092 3813 4353 3739 3872 3985 4124 3791 3948 3824 4219 4301 4369 4267 4202 4066 4151 4295 4011 4380 3904 4189 4415 3903 3739 3863 4078 3815 4044 3868 3928 3942 4288 4251 3611 4164 4309 4331 4199 4027 3773 4203 4143 3741 4219 3802 3799 4197 4100 4262 4150 3702 3915 4368 3987 3846 3825 3819 4000 4071 3747 3914 3787 4299 3939 4003 4111 4045 3829 3865 3698 4285 3851 4392 4172 4142 4048 4382 4149 4135 4209 4095 3998 4088 4161 4387 3703 4700 3817 4025 3858 4608 3921 3805 3910 4154 3899 4211 4216 4103 4429 4255 3682 4145 4225 4293 3891 4313 3677 3927 3845 4045 4336 3835 4089 4293 4178 4128 4276 4353 3880 3862 3764 4345 4169 3947 4101 4132 4115 4298 3604 3938 3952 4054 3602 4279 3793 4309 4387 4161 3539 4238 4225 
3802 3959 3509 3584 3778 3698 3732 3594 3659 3631 3311 3600 3767 3780 3750 4023 3653 3849 3503 3479 3527 3627 3703 3923 3802 3542 3711 3716 3656 3859 3868 3879 3872 3984 3662 3587 3671 3515 3657 3833 4158 3933 3721 3654 3585 3945 3860 4064 3694 3216 3755 3446 3925 3952 3494 3928 4046 3711 3461 4125 3483 3645 3520 3867 3676 3757 3613 3767 3952 3867 3714 3960 3561 3814 3946 3564 4116 3516 3824 3821 3470 3597 3345 3694 3633 3747 3933 3722 3643 3799 4038 3442 3727 3999 3724 3432 3996 3384 3858 3967 3840 3526 3624 3375 3853 3653 3917 3912 3479 3855 3834 3627 3599 3461 3556 3578 4006 3900 3898 3619 3939 3870 3685 3857 3333 3674 3622 3719 3870 3534 3934 3476 3931 3602 4028 3696 3845 3829 3766 3778 3734 3604 3735 3419 4185 3451 3743 3562 3815 3729 3524 3375 3706 3569 3843 3894 3603 4104 3860 3597 4124 3776 3910 3642 3985 3561 3433 3582 3872 4006 3738 3870 3940 4069 3654 4003 3855 3810 3470 3544 3735 3955 3621 3557 3463 3603 3741 3243 3698 3522 3767 3482 3873 3363 4063 3867 3607 3437 3906 3827 
3961 3881 3498 3718 3944 3871 3723 3923 3554 3739 3604 3613 3884 3727 3705 4104 3712 3992 3634 3476 3579 3714 3810 4112 3725 3513 3725 3999 3734 3945 3786 3849 3831 3940 3884 3774 3662 3833 3593 3631 4229 4055 3819 3629 4006 3859 4177 4120 3922 3409 3455 3600 3869 3902 3750 3810 4025 3465 3510 3942 3553 3613 3743 3869 3489 3779 3537 4155 3930 4083 3910 3791 3785 3965 3942 3671 3821 3736 4088 3904 3668 3657 3433 3833 3651 3876 3751 3622 3469 4037 3932 3557 3866 3978 3993 3803 3726 3313 3874 3880 3486 4071 3599 3704 3853 3589 3981 3904 3503 3885 3826 3643 3747 3536 3659 3441 3944 3874 3825 3459 4068 3623 3762 3928 3759 3560 3544 3471 4158 3604 3971 3761 3822 3540 4010 3771 3769 3880 3714 3760 3819 3806 3774 3432 4487 3631 3823 3363 4002 3783 3583 3613 3710 3678 3879 4066 3831 4145 3864 3472 4048 4065 3992 3817 3934 3388 3410 3746 3859 3970 3614 3676 4049 4076 3658 3843 3847 3748 3614 3482 4081 3809 3828 3864 3587 3951 3913 3520 3737 3934 3749 3569 3877 3373 4027 3741 3747 3370 3703 3899 
3928 4072 3746 4197 4104 4294 4073 4355 3996 3776 3592 3538 4022 4095 4020 4350 3866 4331 3643 4084 3834 3740 4148 4279 3875 3717 3968 4249 3823 4070 4203 4077 4156 4343 3641 4044 4283 4092 4041 3971 4532 4153 3952 4235 3859 3961 4209 4144 4253 3773 4003 3814 4324 4223 4093 4213 4157 3718 3943 4239 3606 3642 3741 4131 3823 4125 3777 4156 4187 4191 4522 4003 4127 4122 4217 3963 4183 3914 4143 4317 4162 3806 3848 4020 3795 4024 4036 3970 3929 4027 4216 3564 4177 4063 4154 3946 4063 3514 4060 4133 3873 4108 4046 3740 3995 4150 4253 3963 3647 4055 3968 4051 3926 3994 3818 3898 4036 3984 4099 3666 4484 4028 4104 4246 3623 3809 3996 4002 4275 3810 4263 4094 4009 4011 4247 4110 4102 4070 4438 4348 4024 4242 3861 3704 4832 3731 4084 3700 4261 3899 3881 4011 4119 3728 4148 4176 4116 4369 4097 3914 4183 4253 4363 4060 4245 3769 3830 3802 4008 4308 3780 4313 4203 4208 4157 4022 4153 3954 3579 4013 4192 4113 4002 3973 4004 4035 4215 3534 4177 4061 4050 3583 4242 3879 4252 4384 4000 4019 4073 4119 
4265 4181 3956 4018 4280 3983 4144 4286 3991 4143 3757 3829 4275 4186 4022 4648 3996 4204 3876 4049 4318 3997 4137 4203 4126 3823 4091 4570 4236 4309 4155 4252 4265 4552 4083 4284 4440 4299 4083 3958 4675 4453 4252 4165 4424 4197 4420 4382 4401 3742 4075 3727 4500 4498 4213 4421 4134 4145 3890 4456 3967 4011 3934 4325 4129 3905 4043 4361 4390 4329 4258 4308 4438 4207 4282 3965 4445 4010 4339 4419 4138 4088 4144 4196 3919 4245 4075 4151 4254 4432 4387 3791 4027 4242 4375 4063 4182 3889 3907 4153 4095 4522 4160 3980 4320 4007 4393 4040 3835 4417 4107 4015 4017 3881 4010 4221 4233 4107 4376 4035 4538 4181 4253 4444 4025 4083 4128 4079 4442 3964 4509 4202 4112 3978 4475 4334 4201 4316 4258 4295 4188 4295 4301 3941 5163 4112 4583 3760 4540 4120 4118 3741 4012 4065 4119 4487 4157 4427 4291 3901 4399 4486 4271 4073 4625 3780 3876 3977 4224 4306 4159 4160 4553 4587 4248 4203 4326 3982 3719 3808 4464 4339 4147 4335 4163 4011 4099 3585 4346 4370 4086 3834 4558 3950 4505 4387 4138 3672 4258 4408 
4126 4004 3850 4058 4413 4131 3901 4175 3487 4000 3547 3854 4179 4262 4038 4482 4136 4180 3592 4112 3775 3758 4212 4203 3859 3832 3998 4396 4255 4312 4073 4015 4239 4279 3860 4150 4312 4034 4200 4074 4560 4248 4300 4159 4097 4300 4196 4441 4321 3800 3997 3948 4340 4337 4331 4152 4160 3871 3791 4251 3659 3798 3788 4234 3882 4055 4057 4352 4192 4235 4200 4164 4215 4131 4411 3982 4094 3827 4227 4124 3890 3900 4218 4083 4021 4292 4146 4017 3927 4209 4314 3819 4108 4049 4266 3941 4022 3708 4047 4228 3984 4400 3964 3778 4148 4069 4134 4431 3903 4109 4043 4069 4156 4046 4248 3904 4187 4041 4162 3738 4378 3995 4168 4460 3731 4125 3858 4087 4310 4151 4430 3978 4242 3822 4443 4135 4113 4105 4302 4092 4132 4103 4405 4064 4868 4001 4332 3673 4473 3832 3825 4052 4312 3839 3987 4291 4374 4206 4136 3995 4249 4326 4391 4049 4497 3827 3914 3833 4198 4253 3948 4418 4058 4401 3978 4360 4280 3806 3777 3804 4238 4083 3890 4067 4072 4222 4254 3570 3857 4114 3858 3765 4169 3805 4417 4352 4035 3928 4019 4466 
4099 4415 3857 3900 4237 4092 4060 4339 3953 4090 3719 3838 4175 4490 3978 4574 4144 4483 3777 3925 4061 3905 4366 4274 3971 3895 4119 4396 4110 4555 3930 4216 4304 4476 4137 4063 4324 4023 4322 4014 4547 4244 4094 4157 4134 4148 4333 4249 4377 3895 4216 3926 4279 4393 4164 4459 4546 4153 4028 4388 3779 3763 3853 4130 4018 4223 3655 4453 4500 4174 4286 4023 4150 4282 4304 4031 4474 4069 4106 4347 4131 3987 4035 4184 4088 4199 3885 4126 4037 4351 4179 3562 4370 4398 4212 4077 4176 4030 4042 4324 4020 4217 4139 3894 4302 4242 4160 4440 4034 4185 4206 4165 4087 3659 3920 4119 4261 4027 4254 4086 4619 4339 4212 4434 3826 3999 3983 4017 4403 3939 4271 3911 4162 4138 4444 4019 4213 4093 4315 4302 4124 4250 4335 3931 4603 4185 4241 4296 4518 3977 4111 3744 4359 3981 4277 4341 4428 4590 4504 4003 4421 4498 4525 3951 4773 3881 3684 3955 4166 4245 3941 4414 4408 4294 4064 4312 4525 4010 4017 3808 4390 4227 3974 4067 4023 4033 4336 3571 4331 4093 4318 3640 4173 3802 4275 4487 4096 3812 4291 4482 
4307 4459 3990 4060 4292 4401 4295 3950 3847 4201 3647 4064 4427 4350 4289 4866 4216 4382 4052 4242 4222 4162 4422 4455 4472 4347 4062 4505 4423 4499 4293 4388 4661 4657 4375 4418 4378 4192 4456 4043 4865 4504 4254 4271 4080 4576 4738 4421 4581 3814 4198 4079 4497 4575 4358 4645 4398 4022 4177 4324 4103 4083 4148 4527 4133 4030 4148 4529 4447 4443 4542 4411 4242 4573 4527 4122 4502 4144 4435 4392 4027 4141 4115 4423 4091 4548 4140 4350 4355 4304 4602 3905 4196 4544 4454 4182 4172 3851 4470 4626 4159 4387 4054 4157 4503 4355 4224 4441 3860 4389 4047 4265 4313 4162 4141 4206 4282 4440 4251 3931 4574 4341 4437 4509 4205 4046 4276 4083 4474 4162 4669 4300 4419 4394 4516 4288 4358 4419 4457 4461 4391 4393 4226 3990 5115 4157 4252 3942 4800 4542 4159 4100 4346 4124 4328 4588 4484 4568 4449 4035 4456 4487 4670 4419 4570 4145 3987 4196 4611 4622 4171 4558 4627 4678 4275 4220 4535 4196 3975 4063 4568 4546 4254 4318 4219 4473 4490 3762 4374 4394 4308 3734 4483 4133 4460 4647 3997 4181 4277 4440 
4152 4108 3826 4249 4160 4283 4186 4346 3629 4060 3629 3882 4384 4111 4156 4497 3830 4257 3697 3999 3895 3760 4433 4210 4180 3990 4276 4250 4357 4211 3905 4014 4290 4360 3950 4417 4435 4128 4078 3895 4320 4356 4175 4140 4124 4201 4300 4152 4275 3827 4031 3763 4304 4389 4202 4266 4362 4000 4008 4243 3743 3813 4014 4285 4067 4109 4029 4369 4496 4285 4195 4260 4174 4222 4398 4013 4267 4062 4324 4322 3985 3865 4048 3990 3851 4325 4217 4142 4049 4264 4270 3793 4082 4429 4194 4018 3976 3585 4082 4101 3897 4303 4139 3795 4049 4053 4235 4139 4049 4286 4074 3989 3928 3907 3947 3745 4377 4086 4085 3859 4491 4151 4325 4211 3926 4019 3921 3853 4393 4036 4446 4133 4309 4053 4489 4100 4114 4239 4041 4310 4085 4362 4169 3874 4838 4015 4254 3820 4632 4117 4001 3702 4013 4115 4058 4402 4301 4598 4239 3948 4432 4119 4192 4006 4465 3611 3810 3855 4286 4327 3972 3939 4178 4430 4028 4240 4396 3831 3814 4145 4458 3910 3977 3975 4126 4362 4091 3477 3930 4016 4213 3596 4292 3861 4300 4407 4150 3835 4334 4437 
4272 4652 3854 4159 4484 4526 4216 4394 3924 4148 3734 3958 4312 4296 4122 4778 4326 4581 3917 4405 4094 4029 4454 4493 4261 4098 4303 4430 4191 4599 4110 4455 4442 4559 4268 4319 4465 4231 4201 4003 4667 4193 4440 4318 4240 4298 4598 4667 4369 3898 4193 4307 4460 4445 4307 4419 4359 4019 4074 4546 3908 4049 4068 4508 4206 4439 4385 4538 4337 4392 4434 4256 4345 4438 4620 4343 4582 3968 4526 4313 4348 4079 4072 4186 3910 4432 4047 4334 4163 4301 4297 3918 4263 4529 4591 4155 4060 3808 4209 4368 4015 4397 4281 3993 4371 4282 4380 4417 3980 4374 4216 4181 3894 4137 4130 4357 4571 4118 4437 4027 4462 4335 4172 4588 4265 4193 4196 4240 4631 4127 4479 4377 4298 4221 4457 4366 4493 4400 4468 4484 4153 4453 4318 4309 5187 4196 4321 4279 4718 4218 4076 3991 4239 4024 4483 4573 4330 4560 4422 4182 4506 4473 4781 4012 4739 3993 3825 4028 4390 4574 4015 4355 4442 4508 4192 4247 4309 4078 4135 4014 4480 4434 4126 4175 4109 4213 4491 3806 4488 4342 4450 3690 4358 3974 4664 4729 4464 4119 4242 4461 
3858 3915 3712 3589 3923 3861 3760 4008 3579 3689 3507 3739 3771 3932 3790 4234 4018 4218 3510 3858 3861 3558 3834 4014 3876 3550 3617 4115 3886 3940 3828 3966 3977 3943 3711 3720 3972 3695 3684 3696 4124 4197 4217 3907 3644 4002 4033 4101 4016 3378 3606 3720 4133 4087 4051 3919 4090 3847 3692 3748 3320 3853 3619 4181 3593 3833 3585 3957 3910 4107 3825 3900 3867 3900 4211 3585 3903 3596 4166 3752 3737 3775 3588 3632 3624 4004 3918 4008 3817 4012 3910 3442 3933 4037 4043 3474 3792 3730 3885 3838 3795 4094 3621 3568 3930 3664 3909 3819 3705 3906 3622 3630 3843 3477 3726 3622 4115 3879 3880 3529 4228 4082 3817 4081 3776 3820 3729 3732 4065 3870 4120 3756 3873 3661 4148 3936 3823 4024 3866 3950 3930 3974 3815 3863 4501 3641 4039 3595 4143 3787 3620 3547 3521 3782 3921 3928 3812 4061 3967 3339 4025 3968 4015 3693 4273 3567 3681 3869 4131 3895 3619 3999 3989 4183 3764 3796 3775 3966 3456 3787 4046 3882 3865 3931 3703 3686 3728 3360 4023 4058 3812 3363 4045 3636 4172 4062 3590 3781 3734 4084 
3992 4253 3765 3679 4040 4025 4155 3998 3619 3853 3616 3650 3840 4009 3776 4403 3975 4074 3829 3990 3814 3535 4138 4267 3979 3603 3740 4213 3808 3936 4064 3913 3888 4262 3798 3770 4258 4011 3870 3773 4323 4188 3885 4175 3915 4098 4051 4089 4153 3503 3874 3717 4090 4127 4109 4197 4088 3868 3554 4464 3764 3932 3789 4042 3830 4122 3956 4034 4202 4026 4244 3959 3974 4132 4116 3896 4220 3715 3941 4194 3943 3759 3759 3908 3954 3706 4006 3741 3912 4230 4197 3455 3972 3971 4213 3853 3985 3620 3942 3952 3833 4390 3774 3607 4058 4258 4028 3993 3544 4121 4144 3965 3637 3667 3787 3767 4180 3727 4026 3808 4518 4097 3937 4180 3789 3830 3668 3916 4125 4099 4271 3938 3925 3792 4631 4005 4132 4081 3894 4228 3997 3842 4062 3950 4549 3882 4151 3893 4493 3799 3761 3754 4116 3993 3996 4049 3734 4228 3981 3687 4388 4193 4190 3757 4301 3601 3708 3872 4031 4076 3720 4210 4353 4168 3833 4130 4058 3961 3620 3764 4103 4155 3827 3831 3745 3873 4053 3506 4159 3864 4191 3563 4228 3601 4261 4251 4015 3799 4009 4257 
3993 4037 3721 3852 4194 4025 4056 3925 3517 3736 3442 3877 4124 4139 3787 4527 4225 3968 3798 3747 3905 3837 4170 4011 3917 3967 3783 4207 4016 4189 4084 3869 4074 4116 3882 4055 4296 3839 3866 3860 4379 3870 3906 4040 4009 4138 4195 4105 4281 3588 3965 3681 4055 4271 4213 4167 4273 3878 3668 4350 3684 3852 3743 3915 3823 3953 3698 4371 3994 3976 4202 4104 3983 3973 4073 3800 4090 3976 4096 4027 3982 3822 3795 4055 3883 4135 4146 3937 3868 4364 4073 3591 3947 4038 4031 3938 3996 3554 3840 4230 3916 4204 3972 3817 4139 3871 3901 4167 3668 4109 4045 3947 3989 3907 3783 3713 4251 3889 4126 3855 4337 4012 3987 3947 3951 4016 4024 3751 4060 4099 4187 4025 3769 3616 4148 4114 3992 4078 4098 4200 3867 4000 4185 3651 4523 3928 3833 3622 4382 3812 3947 3508 4265 3932 4022 4258 4224 4242 3933 3949 4135 4280 4318 4048 4206 3785 3291 3830 4122 4338 3822 4145 4069 4058 4015 4250 4276 3856 3693 3726 4227 3935 3856 3943 3806 3831 4082 3569 3973 4051 4135 3552 4121 3731 4348 4152 3973 4061 3952 4189 
4144 4362 4018 4131 4368 4137 4167 4545 3705 4332 3574 3769 4433 4300 4284 4662 4309 4409 4014 4288 4156 3994 4286 4313 4278 4062 4353 4458 4320 4456 4004 4346 4223 4674 4269 4137 4287 4408 4269 4110 4388 4323 4573 4090 4181 4423 4269 4524 4253 4084 4163 4169 4344 4480 4149 4379 4572 4071 4037 4579 3943 4131 4268 4369 4029 4306 4070 4469 4320 4408 4391 4337 4342 4092 4363 3797 4003 4305 4278 4240 4041 3838 4013 4049 4137 4357 4331 4148 4221 4462 4271 4043 4239 4378 4319 4070 4206 3521 4341 4215 4353 4241 4298 4010 4362 4140 4137 4398 3871 4437 4367 4195 3874 3855 4094 4128 4499 4211 4132 4017 4499 4273 4369 4565 4033 3964 4115 4086 4519 3888 4348 4225 4184 4062 4524 4123 4019 4315 4465 4472 4236 4622 4386 3853 4854 4105 4429 3878 4676 4014 4269 4076 4266 4214 4125 4425 4508 4271 4085 4015 4460 4265 4627 4178 4427 3757 3747 3988 4518 4639 4081 4388 4248 4446 4270 4335 4439 4084 3808 4192 4258 4212 3941 4173 3887 4484 4346 3959 4190 4223 4275 3690 4383 3905 4446 4492 4182 4131 4142 4423 
4020 4181 3929 4096 4437 4159 4155 4438 3981 4209 3837 3917 4291 4310 4089 4631 4362 4293 3997 4056 4110 3891 4143 4215 4151 3979 4055 4563 4353 4343 4415 4291 4288 4795 4261 4229 4502 4373 4324 4252 4516 4550 4498 4508 4205 4477 4536 4435 4402 3597 4324 3916 4537 4650 4538 4405 4537 4286 3919 4516 3830 3798 4234 4256 4122 4360 3980 4466 4235 4324 4384 4346 4103 4260 4319 3900 4092 4253 4572 4294 4124 4031 4119 4173 4218 4312 4347 4122 3971 4290 4368 3878 4213 4611 4328 4097 4429 3983 4142 4441 4174 4488 4112 3973 4478 4209 4293 4225 4158 4296 4060 4380 4200 4030 4014 3983 4366 4340 4324 3971 4628 4304 4459 4536 4167 3893 4010 4263 4345 4032 4538 4256 4157 3844 4833 4237 4220 4604 4254 4342 4194 4297 4501 4035 5114 3931 4269 3731 4294 4091 4262 4000 4066 4292 4305 4425 4310 4618 4181 4024 4312 4401 4338 4522 4630 3973 4053 3892 4263 4237 4114 4212 4356 4552 4325 4329 4412 4015 3703 4144 4485 4114 4030 4210 4317 4271 4158 3683 4332 4171 4176 3786 4537 4219 4408 4581 4279 3960 4403 4470 
4036 4009 3794 3975 4263 3932 4063 4461 3649 3965 3704 3858 4210 4164 3907 4441 4171 4232 3954 3993 3988 3918 4162 4340 4092 3743 4084 4495 4293 4283 4260 4254 4390 4629 4015 4123 4241 4095 4154 4044 4555 4225 4131 4134 4184 4409 4669 4328 4211 3634 4125 3964 4366 4412 4178 4377 4492 3914 3720 4450 3733 3985 3932 4136 4104 4064 3976 4323 4348 4178 4362 4237 4153 3950 4248 3994 4206 4091 4459 4301 4066 3965 4044 4027 3997 4418 4290 3959 4098 4331 4237 3780 4332 4375 4205 3918 4045 3596 4409 4350 4165 4360 4049 3777 4393 4273 4190 4198 3848 4060 4351 4214 4018 3790 3769 3977 4280 4076 4327 4222 4318 4026 4354 4238 3846 4040 4050 4124 4416 4019 4585 4123 4298 3981 4382 4093 4030 4296 4228 4085 3955 4098 4375 3914 4717 3992 4096 3779 4513 4040 4029 3820 4087 3995 3962 4192 4414 4363 4301 3826 4323 4298 4511 4444 4588 3834 3873 3835 4351 4133 4013 4433 4294 4621 4199 4348 4373 3971 4062 3875 4267 4152 3900 4172 4213 4257 4201 3493 4087 4159 3981 3513 4317 3753 4353 4506 4135 3794 4222 4398 
4597 4651 4226 4025 4806 4603 4454 4736 4389 4526 4001 4135 4669 4612 4331 4822 4542 4622 4203 4377 4474 4319 4586 4758 4735 4188 4360 4900 4809 4702 4539 4744 4652 4885 4385 4359 4727 4641 4331 4372 4818 4722 4747 4511 4472 4671 4689 4684 4762 4089 4481 4458 4539 4814 4566 4595 4536 4342 4135 4936 4292 4455 4393 4643 4389 4514 4249 4881 4676 4495 4861 4583 4804 4532 4668 4523 4715 4324 4696 4674 4284 4251 4342 4457 4316 4670 4379 4249 4433 4625 4649 4064 4405 4706 4633 4410 4246 4116 4598 4463 4678 4545 4186 4125 4533 4406 4660 4354 4171 4650 4649 4330 4576 3941 4126 4546 4827 4420 4646 4168 4747 4505 4494 4771 4207 4270 4437 4456 5037 4310 4864 4475 4569 4404 4887 4568 4566 4491 4554 4485 4440 4633 4470 4402 5192 4336 4624 4142 4631 4553 4262 4228 4565 4323 4394 4884 4632 4711 4891 4279 4616 4741 4798 4375 4890 4160 4200 4227 4530 4527 4509 4499 4689 4807 4447 4639 4635 4230 4451 4267 4673 4768 4300 4516 4263 4743 4674 4101 4266 4551 4462 4003 4649 4167 4640 4840 4420 4195 4553 4626 
4084 4191 3969 3860 4271 4405 4115 4184 3797 4052 3691 3814 4085 3990 3895 4588 3940 4310 3821 4161 3928 3732 4324 4284 3964 3703 4205 4154 4353 4190 4129 4290 4206 4387 3860 4127 4196 4041 4091 3842 4820 4187 4231 4174 4052 4163 4452 4241 4277 3708 4133 3923 4288 4529 4078 4636 4172 4016 3973 4426 3794 3856 3961 4409 3963 4195 3792 4165 4215 4349 4181 4195 3995 4233 4293 4297 4316 3980 4324 4255 3964 4100 3877 4093 4047 4232 4099 4075 3987 4216 4284 3604 4118 4385 4353 4013 3831 3676 4214 4492 4203 4441 4041 4128 4345 4110 4059 4242 3524 4175 3955 4025 4167 3722 3977 3918 4371 4140 4186 3870 4194 4149 4148 4270 4109 3876 3965 3847 4491 3978 4371 4099 4222 3918 4341 4051 3951 4302 4041 4257 4037 4305 4103 3891 5017 3904 4198 3975 4687 4257 3812 3974 4069 4017 4153 4465 4066 4420 4128 3818 4203 4283 4303 4107 4397 4002 3735 3972 4273 4471 4041 4193 4403 4435 4042 4229 4071 3716 3771 3933 4407 4329 3997 3985 4024 4139 4232 3684 4159 4104 4042 3689 4318 3838 4425 4355 4184 3979 4120 4198 
3675 3890 3530 3509 3883 3526 3628 3919 3401 3910 3148 3459 3827 3628 3628 3985 3530 3821 3279 3552 3574 3559 3672 3970 3636 3487 3576 3982 3917 3922 3606 3540 3706 4144 3604 3665 3787 3840 3487 3687 4234 3628 3674 3821 3755 3541 4107 3970 3885 3344 3696 3436 3823 4126 3858 3851 3900 3636 3515 4037 3503 3766 3610 3840 3745 3683 3539 3991 3921 3858 4071 3834 4025 3685 4044 3604 3741 3655 3931 3822 3611 3606 3596 3654 3560 3833 3541 3470 3936 3788 3798 3520 3647 3804 3807 3797 3809 3248 3910 3783 3727 4060 3529 3511 3605 3523 4011 3664 3498 3860 3925 3593 3665 3465 3546 3620 3796 3568 3893 3547 3885 3809 3831 3963 3683 3708 3687 3493 4045 3668 4001 3652 3651 3586 3966 3707 3800 4013 3836 3734 3794 4049 3917 3230 4526 3724 3685 3260 4270 3793 3579 3495 3688 3590 3767 3790 3859 3902 3815 3581 3969 3931 4143 3712 3847 3536 3353 3514 3925 3852 3723 3764 3748 4109 3776 3706 4000 3790 3541 3545 3964 3604 3711 3733 3616 3846 3742 3497 3765 3808 3550 3187 4004 3352 3983 4201 3764 3445 3822 3944 
4169 4298 3941 3953 4343 4104 4067 4191 3547 3961 3538 3689 4037 4025 3901 4370 4016 4118 3585 3860 3919 3805 4169 4205 3805 3974 3901 4386 4216 4021 4405 3992 4148 4178 3870 4083 4017 3946 3843 3954 4286 4291 4016 4150 3889 4067 4366 3918 4368 3619 3820 3827 4295 4325 4176 4235 4320 3852 3582 4388 3723 3877 3906 4164 3901 4124 3786 4349 4135 4315 4187 3958 4141 4232 4084 3783 4197 4067 3968 4269 3938 3938 3824 3933 3761 4127 3884 4004 3892 4310 4263 3691 4075 4095 4131 4090 4092 3680 4175 3984 3952 4170 4001 3767 4104 3825 4040 4000 3665 3997 3919 3963 4104 3588 3715 3813 4127 3733 4088 3670 4356 4183 4008 4212 3773 3881 3919 4127 4260 3924 4285 4033 3799 3862 4234 3974 4102 3931 4033 4156 3990 4049 4254 3721 4555 3940 4132 3746 4456 4018 3803 3778 4211 3986 4027 4228 4223 4344 4041 3881 4113 4213 4154 3784 4191 3900 3706 3737 4089 4261 3806 4005 4296 4335 3791 3918 4258 3832 3770 3487 4224 4139 3750 3985 4008 3971 4244 3570 3927 3971 4043 3750 4041 4047 4067 3990 4131 3795 4085 3980 
3739 3978 3453 3526 4149 3873 3921 3875 3448 3895 3307 3654 3827 4019 3923 4176 3895 4079 3730 3580 3863 3983 3810 4045 3844 3497 3685 4105 3880 3955 3904 3957 4000 4161 3783 3728 4020 3969 3646 3805 4384 4169 3897 3946 3774 4041 4122 3915 4090 3450 3868 3670 4310 4378 3955 4198 3905 3758 3739 4057 3642 3675 3779 4167 3680 3607 3715 3909 3998 3981 4075 4051 3805 3915 4224 3794 4048 3673 4050 3984 3769 3703 3704 3637 3918 3982 3807 3810 3869 3842 4046 3577 4004 4307 4050 3836 3668 3447 3989 3972 3917 4122 3809 3548 3796 3719 4011 3818 3589 4035 4132 3851 3696 3626 3539 3854 4036 3743 3989 3465 4109 3871 4025 3997 3666 3805 3692 3629 4125 3872 4198 3712 3945 3795 4386 3717 3726 4155 4018 3947 4041 3747 3945 3605 4576 3552 3717 3547 4188 3942 3633 3595 3874 3969 3958 4060 3794 4133 3859 3735 4084 4127 4191 3759 4031 3643 3534 3904 3832 3966 3583 3991 4134 4096 3777 3952 3929 3773 3631 3419 4126 3875 3787 3965 3750 3998 3985 3605 3814 3964 3846 3464 3997 3633 4024 4267 3797 3630 3847 4051 
3713 3859 3635 3647 4179 3942 4230 4146 3599 4041 3351 3639 4069 4132 3867 4428 3876 4279 3633 3952 3994 3962 4190 4104 4111 3948 3764 4263 4125 4053 4021 4002 4143 4429 3987 3834 4266 4212 3924 3937 4181 4443 4091 4179 3912 3757 4388 4019 4331 3507 3864 3785 4061 4344 4100 4106 4168 4111 3636 4045 3904 3878 3873 4190 4143 3953 3897 4381 4221 4323 4307 4055 3978 4035 4129 3916 4159 3745 4071 4121 3958 3869 3808 3973 3959 3991 4026 3727 3933 4120 4255 3847 4083 4073 4019 4067 3752 3730 4157 4176 4029 4135 3958 3710 4156 3904 3928 3954 3870 4044 4097 3991 3977 3762 3886 3637 4027 4004 4190 3810 4330 4076 4126 4349 3830 3880 3851 3883 4293 3987 4414 3990 3859 3786 4392 4001 3939 3991 4046 4206 3952 4207 4195 3772 4657 3826 4149 3882 4277 4086 3977 3867 3879 3915 3987 4178 3876 4298 4030 3784 4454 4347 4367 4078 4300 3569 3608 4115 3910 4118 3715 4105 4002 4440 4002 4069 4351 3786 3790 3593 4095 3947 3746 3888 3930 3975 4223 3443 4183 4188 4171 3735 4090 3882 4378 4409 4199 3598 4184 4190 
4260 4428 4057 4256 4373 4335 4288 4598 3944 4210 3802 3958 4181 4318 4209 4625 4035 4303 3736 4254 4245 4093 4336 4547 4115 3889 4072 4650 4197 4262 4273 4547 4184 4574 4124 4335 4564 4235 4179 4121 4736 4526 4278 4394 4295 4367 4482 4205 4252 3607 4086 3902 4516 4510 4218 4443 4556 4364 4039 4604 3897 4085 4085 4216 4096 4289 4022 4346 4349 4568 4287 4392 4149 4268 4455 4213 4483 4036 4346 4411 4219 4270 4241 4008 4211 4185 4270 4216 4016 4309 4483 3667 4282 4478 4393 3974 4085 3991 4528 4367 4259 4571 4223 4067 4337 4223 4333 4260 3928 4080 4333 4307 4188 4048 4327 4058 4283 4209 4267 3864 4606 4271 4405 4399 3764 4143 4253 4077 4645 4061 4458 4129 4254 4062 4627 4289 4199 4103 4328 4499 4436 4394 4259 4178 4851 4137 4375 4140 4584 3962 4107 3926 4235 4131 3994 4375 4308 4561 4319 3799 4539 4447 4593 4179 4694 3881 4004 4062 4480 4423 4013 4356 4493 4567 4180 4322 4563 3986 3905 4055 4480 4300 4201 4160 4036 4079 4216 3672 4269 4147 4422 3899 4288 4056 4481 4498 4071 3832 4294 4535 
4084 3897 3782 3894 4072 4026 4088 4015 3688 3912 3390 3887 3993 4142 3815 4474 3874 4103 3609 3942 3834 3675 4149 4296 4038 3849 3695 4145 4099 3811 4035 4080 3954 4188 3866 4049 4129 4078 3841 3970 4156 3950 4043 4145 3858 4156 4338 4132 4070 3598 3866 3879 4032 4399 4022 4286 3986 3877 3783 4409 3547 3937 3788 3870 4054 3763 3794 4290 4051 4220 4496 3988 4101 4101 4107 3865 4038 3693 3901 4088 3733 3806 3738 3943 4141 4107 4010 3674 3961 4284 4232 3755 4150 4093 4005 3960 3926 3625 3907 4129 3841 4197 3774 3721 4164 3808 4094 3997 3585 4035 4217 4236 4095 3719 3889 3795 3972 3779 3913 3761 4221 4150 3928 4196 3649 3983 3945 4034 4253 3797 4457 3845 3951 3851 4252 4216 3957 4206 4133 4059 3982 4179 3879 3759 4574 3899 4015 3852 4396 4144 3971 3792 4153 3858 3845 4492 3996 4323 3961 3628 4130 4210 4341 4048 4294 3664 3606 4070 4078 4247 3614 4062 4111 4254 3846 4075 4183 4048 3763 3827 4176 3913 3807 3878 3896 3915 4220 3825 4192 4078 4014 3643 4128 3654 4130 4032 3909 3827 4004 3954 
3737 4114 3736 3805 4095 4124 3909 4016 3675 3825 3479 3617 3713 3892 3757 4038 4088 4034 3746 4029 3949 3654 4091 4094 3906 3770 3746 4169 4007 4079 4043 4066 4121 4207 3757 3924 4129 4082 3976 3919 4238 4132 4076 3981 3870 4204 4176 3948 4311 3540 3842 3679 4058 4149 4138 4304 4097 3908 3682 4248 3583 3890 3766 3943 3867 3979 3761 4285 4143 4210 4225 4085 3818 3977 3917 3855 4347 3926 4084 4130 3943 3687 3574 3818 3702 4178 4131 3788 3869 4311 4020 3488 4101 4236 4023 3812 3978 3690 4148 4238 3880 4158 3955 3878 4139 3912 4064 4132 3700 3986 4048 3830 3893 3552 3793 3825 4032 3954 3777 3855 4111 4029 4070 4109 3792 3760 3683 3836 4040 3836 4327 3944 4012 3900 4282 3906 3974 4125 4166 4227 3831 4117 3971 3743 4513 3777 4101 3776 4343 3977 3941 3583 3859 4000 4088 4395 3917 4064 4380 3708 3957 4136 4340 4073 4261 3628 3665 3955 4036 4066 3761 4281 4411 4482 3863 4124 3953 3772 3733 3823 4080 4009 3909 3966 3792 3979 4155 3443 3966 4024 3841 3572 3977 3666 4199 4153 3936 3757 3848 4138 
3652 3749 3445 3568 3871 3995 3760 4029 3429 3565 3491 3218 3870 3841 3826 4174 3804 4248 3581 3814 3748 3624 3778 4029 3907 3406 3671 3766 3667 3769 3831 3934 3766 4212 3706 3780 3965 3957 3834 3562 3981 3913 4008 3731 3621 3965 4153 4025 4004 3542 3920 3703 4184 4309 3827 4138 3964 3744 3696 3925 3685 3551 3586 3978 3743 3857 3708 3803 3871 3769 3859 3739 3930 3698 3986 3443 3923 3794 4019 3808 3736 3696 3475 3645 3628 3939 3958 3889 3837 3809 4001 3483 3824 4025 3993 3584 3821 3365 3871 4033 3776 4029 3662 3343 4197 4041 3736 3858 3572 3846 3821 3945 3783 3551 3651 3621 3838 3672 3998 3466 4177 3805 3738 4039 3590 3505 3702 3824 4034 3425 3789 3803 3792 3540 3881 3710 3887 3971 3925 3869 3806 4001 3991 3650 4496 3662 3652 3707 4000 3600 3553 3856 3724 3764 4162 3849 3788 4152 3891 3478 3982 3940 4172 3650 3976 3756 3629 3696 3961 4267 3636 4242 3988 3866 4065 3680 3795 3835 3348 3692 3953 4000 3697 3385 3787 3800 3988 3503 3716 3923 3974 3391 4082 3462 4105 4155 3900 3721 3854 3835 
3753 4101 3871 3865 4129 4194 3829 3887 3480 3853 3565 3700 4159 4010 3731 4333 3964 4079 3800 3709 3960 3778 4076 4173 3944 3734 3857 4184 4127 4123 3823 4095 4068 4378 3932 3957 3968 3863 3881 3749 4442 4155 4109 3932 3969 4177 4242 4023 4144 3503 3749 3683 4219 4232 3889 4461 4170 3939 3574 4147 3634 3830 3924 4167 4074 3889 3711 4133 4130 4296 4003 4047 3906 4137 3997 3845 3997 4001 4003 3974 3799 3973 3736 3750 3799 4073 4011 4013 3812 4086 4060 3487 4079 4276 4128 3967 3951 3586 4089 4208 3738 4102 3867 3847 4056 4059 4036 4421 3575 3950 4071 3976 3976 3496 3747 3608 4143 3904 4093 3713 4225 3971 4043 4268 3585 3968 3834 3786 4220 3847 3924 3773 3978 3626 4209 3836 3715 4033 4006 4044 4059 4024 4220 3722 4683 3866 3947 3606 4460 4000 3827 3556 4055 3864 4051 4168 4112 4149 4137 3671 3949 4102 4320 3959 3873 3451 3455 3720 3881 3987 3847 4116 4082 4438 3850 4043 4185 3705 3832 3859 4105 3911 3831 3837 3588 3878 4027 3732 3949 4039 4008 3499 4032 3686 4355 4116 4014 3716 3766 3890 
3905 3922 3816 3943 4381 4104 4185 4140 3891 4104 3525 3592 4180 4082 3920 4212 4118 4448 3754 3789 3869 3732 4220 4299 4188 3972 3854 4418 4239 4165 4108 4123 4236 4347 3700 3872 4165 3903 3863 3891 4308 4184 4108 3998 3864 4301 4339 4176 4449 3556 3994 3810 4202 4328 4263 4079 4373 3969 3900 4228 3724 3741 3837 3891 3806 4002 3867 4533 4218 4239 4463 3978 4101 3984 4107 3948 4214 3821 4089 4143 3951 3746 3790 3883 3999 4142 4234 3885 4014 4468 4447 3793 4232 4182 4143 3947 3785 3637 4149 4288 4032 4288 3781 3539 4345 4129 4140 4132 3768 4114 4439 4024 3986 3491 3592 4050 4247 3852 4131 3893 4381 4153 4196 4152 3768 3880 3974 3918 4335 3879 4500 3992 4118 3846 4594 4200 4183 4194 4116 4096 3875 3915 4261 3793 4417 3713 4040 3777 4355 3945 3846 3780 4008 3965 4223 4168 4074 4480 4342 3646 4081 4221 4263 4196 4426 3745 3813 3846 4180 4262 3896 4190 4001 4079 4158 4280 4206 4038 3698 3832 4151 4105 3954 3704 4019 3981 4381 3908 4062 3965 3866 3522 4205 3620 4016 4373 4161 3859 4080 4339 
4009 3998 3721 3823 4216 3998 4025 4240 3756 3949 3381 3671 3783 4136 3935 4272 4044 4143 3579 3945 4086 3852 3884 4019 3954 3916 3691 4134 4175 4170 4185 4079 4153 4239 3871 3817 4224 3973 4046 3974 4312 4226 3865 4062 4206 3995 4424 4084 4253 3492 3848 3788 4215 4363 4203 4108 4410 3975 3630 4322 3767 3844 4025 4119 3735 4065 3883 4290 4002 4117 4188 4082 4168 4026 4254 3889 3980 3867 4024 4097 3830 3921 3779 3896 3967 4147 4044 4074 4030 4172 4194 3659 4037 4156 4123 3970 3984 3726 4260 4421 3935 4340 3767 3769 4021 4032 4123 4135 3835 4069 4057 4008 4033 3706 3807 3888 4025 3890 4132 3787 4252 4061 4114 4044 3859 3852 4123 3816 4237 3877 4230 4006 3867 3855 4278 4027 4010 4169 4077 4421 4056 4108 4223 3963 4666 4060 3955 3629 4268 3767 4035 3678 4086 3930 4049 4029 4179 4303 4020 3989 4136 4272 4367 4069 4322 3762 3671 3825 4139 4320 3971 4176 4005 4529 3887 4166 4111 3974 3862 4050 4229 4059 4015 3897 3796 4018 4027 3583 4147 3990 4035 3719 4325 3874 4483 4410 4025 3710 4134 4131 
3876 4135 3776 4001 4282 3933 4119 4238 3713 4219 3457 3774 3864 4232 4017 4297 3950 4161 3861 3925 4031 3913 4040 3973 4118 3836 3767 4140 4376 4323 4138 4106 4198 4298 4176 3753 4258 4029 3947 3884 4555 4422 3991 4225 4001 4163 4281 4122 4370 3709 3962 3893 4293 4489 4026 4198 4220 3856 3842 4117 4004 3780 4031 4221 4015 3958 3861 4337 4208 3966 4112 4313 3909 3999 4390 3982 4215 3912 4097 4128 3798 3884 3868 3890 4123 4165 4020 4006 4170 4108 4286 3861 4071 4214 4164 3959 4007 3611 4139 4265 4124 4362 4010 3847 4097 4025 4030 3882 3690 4397 3884 3939 4115 3852 3813 3990 4091 4005 3975 3768 4397 4031 4097 4294 3862 4010 3888 3707 4456 4034 4420 4099 4035 3690 4525 4066 4112 4211 4177 4313 4110 4064 4291 3873 4683 4168 4316 3875 4335 4167 4095 3830 3937 4023 4099 4349 4136 4366 4050 4006 4299 4201 4218 4067 4372 3783 3687 3816 3929 4091 3905 4124 4246 4355 3942 4126 4120 3807 3768 3738 4318 4017 4068 3904 3732 4066 4252 3438 4180 3898 4112 3537 4409 3852 4399 4349 4084 3786 4120 3998 
4012 3840 3864 3755 4115 3991 3931 3979 3758 3938 3425 3741 4112 4150 4032 4373 4012 4257 3781 3902 3956 3913 4019 4232 3878 3721 3758 4357 3960 3937 4189 3999 4293 4447 4030 3906 4088 4140 3996 4099 4340 4362 3890 4074 4143 4175 4677 4167 4232 3563 4076 3800 4177 4389 3821 4226 4242 4078 3621 4193 3691 3862 3950 4228 3860 3902 3791 4251 3942 4230 4034 3944 4305 3926 4247 3895 4071 3835 4090 4215 4115 3965 3842 3828 3935 4199 4123 4093 3938 3995 4362 3627 3955 4359 4223 3846 4117 3584 4262 4113 4133 4300 3904 3570 4070 3963 4175 4017 3897 4162 4075 4012 4087 3639 3714 3991 4022 4067 4230 3828 4132 4068 4194 4327 3862 3791 3968 3862 4378 3950 4172 3659 3900 3746 4308 3698 4087 4154 4137 3978 4100 4057 4235 3632 4789 3922 4136 3771 4310 4029 3927 3680 3969 4049 3997 4278 4038 4157 4139 3972 4294 4160 4495 4129 4231 3750 3606 3847 4339 4086 3818 4261 4351 4469 3991 4169 4175 3953 3860 4006 4123 3895 3811 4075 3765 4037 4236 3629 3975 3918 3966 3697 4254 3863 4293 4354 3931 3675 4036 4206 
4279 4345 4079 3876 4666 4395 4276 4683 3930 3928 3589 3793 4303 4366 4132 4538 4333 4430 4095 4213 4217 4057 4266 4060 4330 3814 4117 4596 4394 4394 4366 4176 4334 4571 3841 4232 4428 4364 4537 4223 4695 4408 4381 4209 4236 4436 4573 4390 4490 3901 4276 3961 4362 4636 4487 4561 4130 4247 3779 4600 4104 4034 4085 4276 4054 4321 4292 4392 4448 4419 4463 4336 4238 4251 4380 4020 4411 4153 4274 4406 4006 4108 4015 4158 4159 4265 4361 4185 4177 4544 4563 4033 4353 4422 4401 4084 4208 3919 4270 4310 4138 4507 4284 4116 4551 4268 4311 4282 3839 4130 4441 4150 4205 3877 4123 4003 4608 4318 4341 4061 4574 4502 4321 4390 4137 4162 4371 4086 4525 4127 4615 4319 4405 4338 4567 4169 4197 4404 4157 4326 4178 4226 4559 4227 4867 4129 4342 3898 4540 4262 4220 4059 4318 4062 4293 4430 4339 4640 4469 4205 4411 4553 4402 4284 4630 4050 4120 4274 4265 4511 4311 4411 4494 4546 4183 4148 4237 4057 3875 4001 4647 4590 4131 4422 4156 4283 4488 3716 4264 4340 4386 4008 4489 4041 4489 4543 4182 4027 4255 4525 
4357 4453 3948 4069 4429 4425 4356 4689 4069 4164 3902 3898 4159 4603 4128 4864 4224 4525 4009 4255 4336 4193 4351 4528 4222 4195 4060 4552 4355 4377 4485 4572 4559 4587 4189 4147 4301 4273 4410 4065 4712 4705 4413 4403 4348 4358 4786 4193 4577 4036 4348 4245 4792 4824 4282 4501 4556 4122 4078 4698 4101 3898 4052 4419 4212 4247 3950 4549 4521 4406 4745 4498 4447 4245 4722 4145 4556 4192 4311 4465 4299 4005 4366 4220 4278 4417 4291 4149 4210 4558 4639 3900 4400 4611 4569 4124 4189 3982 4206 4450 4207 4449 4376 4232 4361 4184 4575 4368 3946 4238 4336 4154 4162 3842 4008 4151 4388 4245 4470 4097 4600 4368 4332 4522 4018 4044 4512 4278 4746 4085 4503 4352 4314 4222 4624 4360 4356 4586 4423 4446 4360 4598 4427 4070 4877 4212 4492 3950 4697 4309 4356 3866 4402 4116 4345 4590 4552 4850 4449 4057 4630 4396 4800 4291 4642 3870 3955 4147 4331 4585 4048 4543 4560 4720 4212 4468 4473 4151 4049 3958 4509 4575 4218 4322 4262 4329 4711 3900 4373 4165 4497 3843 4633 3968 4408 4619 4167 4176 4419 4618 
3576 3909 3484 3577 3887 3949 3734 3776 3424 3623 3421 3663 3837 3688 3699 4127 3663 3914 3551 3866 3482 3432 3817 3986 3569 3557 3976 3926 3711 3798 3714 3829 3851 4051 3510 3801 4003 3631 3749 3741 4077 3906 3896 3830 3714 3819 3894 4025 3884 3355 3562 3526 3749 4001 3966 3927 4162 4010 3469 3967 3205 3628 3837 3773 3899 3835 3572 3988 3832 4121 4043 3555 3618 3655 3984 3585 4060 3562 4103 3974 3733 3557 3657 3714 3643 4121 3704 3821 3788 4024 3767 3190 3858 4036 3870 3554 3724 3361 3793 3861 3802 3855 3945 3590 3910 3661 3728 3936 3388 3668 3718 3667 3633 3554 3708 3632 3953 3680 3618 3603 4018 3899 3919 3947 3653 3578 3610 3624 4046 3774 4126 3662 3956 3582 3952 3837 3547 3961 3836 3935 3932 3874 3693 3420 4268 3566 3853 3668 4207 3711 3676 3610 3807 3589 3759 4150 3909 3981 3959 3446 4160 3872 4066 4043 4195 3453 3472 3675 4179 3945 3555 4007 4108 4127 3667 3894 4082 3756 3621 3803 3905 3915 3647 3792 3761 3763 3911 3322 3954 3781 3749 3326 3811 3521 3824 3844 3710 3444 3639 3887 
4166 4423 3919 4003 4250 4394 4113 4441 3860 4201 3591 3958 4219 4398 4002 4460 4145 4360 3898 4140 4160 3933 4400 4375 4096 3940 4271 4318 4253 4223 4223 4268 4265 4489 3941 4506 4462 4402 4279 3819 4826 4571 4405 4119 4086 4307 4430 4468 4390 3807 4154 3969 4303 4336 4202 4353 4562 3977 3898 4237 3883 3858 4147 4356 4038 4531 3743 4396 4715 4422 4444 4263 4226 4290 4311 4330 4556 3996 4412 4285 3985 3930 4055 4012 4002 4310 4198 4071 3987 4258 4408 3929 4077 4609 4349 4058 4022 3552 4345 4472 4095 4334 4077 4007 4410 4209 4137 4294 3978 4230 4057 4296 4099 3959 3798 3963 4254 4051 4269 3966 4446 4326 4456 4370 4105 3777 4119 4038 4460 4071 4411 4263 4064 3921 4466 3959 4126 4120 4223 4242 3977 4141 4269 3845 4847 4021 4364 3966 4435 4218 3968 3911 4142 3830 4324 4488 4302 4450 4535 4039 4545 4374 4668 4331 4502 3932 3979 4044 4330 4392 4211 4309 4099 4465 4291 4225 4451 4073 4044 3995 4428 4325 4073 4184 4014 4346 4352 3770 4379 4364 4411 3594 4426 3837 4277 4393 4023 4071 4173 4368 
4098 3991 3650 4008 4030 3801 4049 4036 3474 3853 3511 3573 4006 4006 3812 4332 3952 4258 3825 3651 3926 3750 4213 4244 3958 3892 3805 4141 4005 3888 4003 3884 4148 4203 3923 3901 4068 3945 3931 3744 4375 4064 3883 3842 3935 4306 4215 4076 4299 3573 3950 3933 4165 4295 3867 4097 4066 3567 3692 4199 3685 3819 3757 3977 3787 3715 3607 4271 4114 4043 4168 3862 3835 3874 4075 3896 4216 3972 3966 3990 3838 3768 3575 3924 3972 4158 3777 3907 3932 4232 4167 3596 3911 4368 3960 3906 4080 3501 4016 4177 3764 3935 3694 3726 4208 3978 4072 3969 3758 4104 3991 3862 3867 3313 3767 3797 4247 3914 3966 3965 4090 4095 4101 4032 3750 3658 3891 3852 3990 3765 4139 3791 4238 3870 4424 3859 3897 4098 3966 4104 3984 3976 4109 3709 4534 3892 3903 3666 4372 3812 3926 3666 3849 3747 4032 4234 4242 4233 4136 3683 3886 4076 4280 4025 4200 3634 3825 3699 4169 4096 3823 3982 4163 4288 4057 4091 4106 3807 3675 3554 4090 3824 3918 4004 4052 3915 4273 3642 3810 4072 4089 3674 4072 3602 4155 4149 3825 3908 4109 4193 
4080 4429 3858 4244 4395 4219 4177 4227 4070 4311 3524 3879 4263 4393 4211 4540 3806 4541 3640 4252 3974 3950 4371 4147 4286 4218 4048 4315 4103 4507 4157 4312 4373 4447 4256 4232 4335 4256 4249 4243 4692 4348 4208 4365 4164 4149 4606 4409 4316 3826 4061 4012 4339 4517 4288 4549 4579 4369 4241 4640 3996 3927 3999 4380 4014 4216 3978 4344 4331 4302 4381 4253 4273 4105 4378 4116 4220 4197 4451 4505 4130 4052 3929 4126 4012 4371 3927 4288 3960 4406 4625 3758 4236 4508 4356 4137 4079 3827 4218 4587 4204 4216 4006 3852 4199 4032 4308 4466 4058 4147 4298 4055 4318 3767 4057 4185 4274 4225 4152 3909 4502 4270 4121 4294 3954 4091 4161 4105 4567 3961 4632 3853 4136 4114 4432 4052 4240 4219 4348 4465 4110 4265 4414 3795 5050 4096 4329 4151 4745 4120 4040 3953 4218 3957 4426 4383 4234 4582 4154 3973 4348 4446 4768 4072 4381 4132 3715 3912 4422 4605 4113 4436 4411 4498 4227 4296 4362 4087 3806 4010 4468 4152 4088 4111 4203 4107 4452 3779 4165 4109 4129 3801 4391 3941 4350 4752 4288 4073 4338 4375 
4105 4196 4270 4132 4549 4567 4398 4378 3917 4056 3675 4164 4295 4499 4224 4794 4306 4494 4092 4324 4357 3895 4455 4601 4555 4193 4290 4503 4403 4351 4568 4470 4478 4849 4097 4430 4563 4379 4400 4447 4454 4609 4548 4461 4095 4584 4535 4515 4628 3939 4249 4102 4625 4949 4348 4558 4583 4274 4171 4576 4185 4184 4477 4269 4342 4434 4166 4750 4376 4732 4625 4442 4420 4376 4446 4393 4532 4191 4582 4626 4086 4161 4235 4055 4294 4408 4288 4434 4359 4557 4652 3986 4334 4644 4552 4226 4156 3755 4633 4510 4520 4480 4285 4232 4563 4256 4443 4558 3909 4388 4335 4340 4291 4102 4064 4050 4831 4285 4349 4207 4642 4358 4316 4428 4198 4259 4281 4238 4531 4289 4779 4535 4368 4207 4746 4470 4208 4523 4260 4508 4349 4511 4446 4305 5021 4293 4551 3944 4913 4441 4157 4196 4361 4153 4327 4701 4262 4657 4279 4205 4354 4227 4820 4587 4675 4063 4087 4211 4359 4562 4220 4476 4527 4737 4167 4465 4439 4267 3909 4240 4544 4341 4393 4429 4396 4451 4455 3824 4402 4390 4546 3788 4366 3943 4547 4329 4208 4131 4447 4369 
3967 4120 3802 3922 4399 4126 4154 4213 3826 4009 3433 3746 4330 4160 4235 4617 4079 4260 3937 3999 4042 4042 4208 4251 4339 4123 4089 4388 4389 4253 4020 4162 4243 4373 4042 4101 4392 4160 4032 4095 4440 4262 4332 4238 4174 4170 4541 4294 4678 3834 3990 3899 4368 4521 4330 4369 4462 4012 3855 4508 3703 4236 4201 4370 4171 3923 4073 4514 4359 4469 4443 4312 4246 3987 4757 4025 4191 4089 4257 4238 4061 3962 3989 3904 4020 4405 4089 4018 4246 4358 4427 3832 4267 4212 4106 4128 4000 3795 4249 4455 4377 4245 4177 4068 4348 3975 4310 4210 4109 4270 4215 4130 4220 3885 3787 4117 4274 4012 4105 3987 4464 4232 4162 4394 3925 4111 4087 3880 4431 4137 4462 4125 4258 4045 4511 4297 4102 4429 4369 4259 4040 4427 4407 3882 4766 3978 4277 3864 4477 4261 4055 3756 4176 4032 4036 4360 4491 4269 4553 3953 4317 4420 4469 4139 4444 3974 3827 4156 4234 4205 4083 4299 4256 4497 4057 4363 4530 3828 3711 3902 4460 4281 4068 4299 4137 4310 4387 3830 4077 4272 4220 3621 4677 3976 4496 4727 4160 4115 4359 4252 
3906 3819 3662 3841 4232 3985 3985 4294 3914 4113 3530 3569 4028 4046 4113 4229 3998 4145 3738 3961 3810 3752 4023 4291 4010 3849 3796 4294 3861 4324 4233 4317 3908 4357 3819 3775 4160 4159 3930 3957 4367 4241 4025 4005 4107 3997 4129 4241 3995 3401 3878 3778 4333 4194 4176 4239 4188 3965 3760 4377 3660 3858 3868 4076 3611 4038 3856 4213 4030 3906 4290 4009 4027 3770 4118 4052 4119 3926 4105 4081 3970 3566 3900 3856 4030 3970 3969 3639 3728 4141 4113 3712 4008 4021 4102 3858 3937 3451 4290 4022 4038 3855 3939 3558 3794 3821 4135 4005 3790 3890 3984 3733 4030 3671 3760 3771 4213 4033 4046 3681 4325 4023 3878 4032 3728 3768 3766 3892 4373 3880 4267 3960 4066 3874 4519 4177 4003 4160 4127 4174 3867 4047 4200 4002 4680 3928 4054 3668 4258 3725 3877 3758 4046 3909 3861 4219 4119 4376 3949 3755 4113 4264 4404 4029 4403 3597 3671 3798 3887 4114 3864 4209 4085 4408 3972 4143 4215 3794 3597 3768 4121 4103 4044 3963 3863 4022 3958 3451 4101 3900 4056 3621 4055 3872 4055 4245 4097 3578 3938 4148 
3841 4167 3997 3843 4390 4039 4099 4211 3520 3689 3311 3835 3918 4230 3774 4311 3861 4103 3962 3905 3871 3781 4143 4122 3941 3735 3944 4231 4194 3942 4186 4024 4140 4345 3832 4076 4245 4196 3936 3895 4379 4204 4277 3993 3929 4175 4377 4053 4204 3552 4086 3849 4311 4399 4149 4202 4290 3787 3363 4232 3746 3656 3674 4121 3660 3903 3796 4285 4077 4127 4278 3870 3968 4143 4121 3963 4080 3713 4176 4047 3940 3793 3795 3817 3845 4000 4029 3915 4058 4181 4054 3681 4113 4304 4210 3914 3853 3553 4185 4322 4149 4131 4010 3570 4174 4039 3974 3922 3647 4041 4304 4170 3947 3619 3858 3929 4120 3936 4017 3911 4191 4149 4030 4037 3708 3765 3917 3711 4273 3995 4235 4240 4087 3860 4359 4000 3968 4349 4119 4016 4137 3998 4143 3802 4611 3890 4162 3744 4217 4001 3725 3691 4033 3932 3977 4214 4198 4270 4122 3634 4188 4086 4293 4039 4391 3653 3730 3888 4240 4194 3732 4223 4288 4193 3984 4371 4190 3831 3899 3935 3976 4398 3807 4107 3868 3970 4172 3839 3974 4114 4133 3432 4207 3842 4332 4353 3868 3707 4035 4306 
3764 3903 3753 3728 3731 3845 3835 3614 3442 3734 3432 3648 3719 3916 3838 4134 3909 3924 3614 3788 3663 3732 3624 3961 3892 3645 3874 4043 4100 3975 3862 3677 3941 4257 3757 3774 4032 3663 3766 3747 4020 3946 4041 4045 3824 3745 4063 4171 3875 3301 3854 3758 4039 3910 3835 4124 3913 3581 3452 4060 3457 3542 3709 3858 3760 3864 3790 4075 4023 3965 4106 3668 3838 3624 3854 3985 3985 3520 4106 3700 3871 3682 4041 3790 3607 3989 3677 3689 3804 4038 3903 3554 3804 3966 4066 3691 3552 3400 4020 3805 3880 3946 3714 3468 3945 3719 3895 3955 3460 3907 3934 3428 3851 3583 3627 3675 4137 3583 4058 3496 3998 3840 3713 3932 3716 3702 3725 3647 4111 3773 4246 3767 3903 3646 4064 3933 3961 3720 3850 4003 3667 3828 3965 3569 4515 3952 3983 3710 4259 3718 3624 3599 3890 3613 3895 3859 3842 3823 3776 3727 4032 4064 4279 3836 4120 3648 3511 3659 3832 3933 3669 4036 4260 4008 3666 3848 3830 3557 3548 3522 3831 3937 3747 3679 3603 4065 3897 3383 4083 3912 3716 3440 3905 3456 4193 4254 3787 3631 3773 4116 
4239 4417 3919 4203 4315 4146 3974 4392 3966 4160 3598 3898 4191 4320 4153 4731 4335 4294 3874 4088 4023 3959 3994 4170 3997 4078 3964 4495 4342 4503 4182 4192 4230 4546 3934 4158 4462 4084 4206 4262 4641 4434 4354 4393 4337 4333 4485 4381 4183 3626 4250 4068 4439 4590 4184 4400 4445 4112 3857 4520 3958 3904 3974 4340 3915 4163 4062 4346 4207 4187 4465 4427 4440 3964 4501 4221 4299 4028 4338 4301 4014 4188 4191 4043 4167 4441 4219 4095 4012 4364 4448 4006 4140 4342 4233 3818 4298 3610 4107 4325 4076 4165 4101 3977 4207 4143 4252 4321 4108 4211 4223 4084 4247 4054 3967 3971 4224 4045 4315 3939 4494 4303 4295 4411 3937 3983 4211 3908 4638 4136 4356 4123 4137 3955 4477 4289 4404 4197 4419 4295 4093 4348 4419 3878 4848 4181 4268 3908 4507 3903 4038 3941 4248 4108 4151 4416 4391 4556 4296 3970 4343 4236 4401 4194 4519 3891 3817 3795 4290 4481 4023 4478 4270 4269 3941 4283 4396 3950 3884 4274 4429 4330 4213 4016 3973 4206 4564 3953 4376 4132 4140 3764 4157 3956 4405 4748 4194 4049 4106 4335 
4034 4234 3751 3904 4231 3973 4098 4180 3663 3821 3638 3770 3812 3962 4149 4398 3920 4108 3849 4041 4031 3712 4144 4219 3931 3749 3775 4124 4255 4124 3862 4280 4515 4344 3765 3931 4146 3895 3910 3908 4421 4340 3971 4097 3627 4150 4376 4083 4091 3562 4059 3566 4295 4237 4045 4372 4317 3929 3763 4337 3693 3808 3943 4243 3800 4163 3870 4185 4182 4131 4148 4065 4001 4082 4404 3852 4249 4040 4091 4257 4035 3695 3819 4058 3579 4254 4344 3927 4008 4079 4380 3801 4009 4183 4193 3997 4129 3691 4089 4147 3893 4219 3965 3728 4248 4249 4202 4277 3598 4118 4080 4116 4008 3876 3966 4002 4015 4037 4251 3846 4341 3966 4362 4280 3707 3974 3884 3914 4115 4000 4321 4086 4279 3907 4556 4204 4100 4237 4220 4234 4123 4274 4088 3943 4536 3864 4053 3793 4449 3935 4003 3628 3895 3893 4130 4096 4011 4260 4326 3705 4366 4162 4235 4121 4351 3705 3633 3938 4012 4183 4036 4095 4320 4477 4024 4022 4006 3943 3651 4045 4419 4052 3794 3917 4028 4074 4390 3550 4124 4105 4073 3329 4286 3906 4359 4332 3877 3835 4040 4020 
3690 3952 3501 3689 4043 3911 3912 3845 3490 3654 3424 3329 3794 4026 3823 4261 3775 4269 3559 3723 3709 3671 3895 4053 3796 3590 3808 3955 3678 3959 3749 3922 4054 4017 3840 3550 4020 3777 3639 3830 4209 4136 3912 3745 3783 3929 3880 4141 4157 3328 3869 3561 3929 3995 3715 4108 3968 3690 3620 4141 3427 3822 3713 3825 3727 3762 3737 3809 3888 4041 3921 3852 3947 3868 4234 3717 3863 3596 3869 3847 3777 3762 3597 3636 3790 3957 4002 4069 3833 3928 4215 3452 3828 4015 3808 3569 3839 3366 3965 4067 3804 3915 3742 3569 4280 4010 4037 4154 3580 3974 3888 3909 3654 3585 3908 3990 3932 3748 3805 3721 4009 3806 3839 4080 3531 3412 3831 3514 4105 3750 4189 3682 3971 3752 4222 3838 4083 4077 3811 3773 3760 3935 4115 3582 4557 3689 4018 3634 4040 3767 3696 3631 3682 3701 3935 4058 3749 3993 4075 3638 3993 4186 4032 3846 4156 3778 3644 3614 3969 4266 3667 4109 4054 4134 3703 3992 4055 3727 3498 3584 4098 3970 3870 3769 3842 3886 3950 3492 3661 3872 3978 3548 4119 3562 4153 4112 3911 3441 3848 3918 
3948 4276 4144 3818 4247 4319 4079 4218 3849 3906 3576 3595 4004 4066 4052 4368 4260 4450 3888 4064 3920 3977 3953 4308 4345 3949 4024 4357 4288 4301 4107 4180 4167 4480 3956 3961 4363 4221 4227 4094 4462 4323 4203 4032 4148 4196 4544 4177 4222 3740 4153 3842 4487 4343 4258 4152 4197 3865 3800 4499 3815 3810 4053 4219 3884 4159 3822 4399 4189 4316 4379 4177 4203 4107 4399 4190 4230 3916 4210 4078 4052 3984 4152 3739 4033 4264 4076 4138 4124 4218 4450 3752 4350 4358 4181 4089 3935 3646 4296 4392 4279 4466 3962 3812 4067 4248 4328 4308 3856 4182 4224 4084 4154 4066 3940 3728 4436 3958 4263 3942 4577 4172 4091 4184 3980 3890 4138 3818 4538 4137 4468 3897 4035 4039 4294 4067 4001 4291 4218 4372 4327 4219 4443 3805 4938 4177 4268 3653 4518 4052 3803 3749 4171 4024 4390 4208 4267 4470 4261 3871 4429 4351 4462 4306 4488 3736 3643 3892 4189 4369 4038 4292 4318 4482 3883 4372 4348 3971 3898 4152 4371 4359 3997 4125 3861 4430 4109 3739 4230 4084 4239 3741 4361 3715 4480 4427 4025 3966 4109 4461 
4061 3769 3906 3742 4186 3897 4097 4079 3654 3788 3504 3707 3989 3992 3862 4700 4223 4238 3886 3863 4079 3730 3999 4115 3973 3638 3729 4405 3962 3809 3858 3992 4172 4220 3894 3898 4271 3999 4111 3837 4458 4193 4165 3956 3903 4298 4267 3945 4287 3438 4214 3811 4261 4392 3785 4199 4267 3987 3643 4180 3638 3859 3866 4070 3850 3911 3672 4099 3999 4229 4110 3924 4004 4105 4253 3977 4140 3964 4192 4198 3969 3853 3853 3915 3787 4170 4046 3769 4001 4196 4047 3684 3987 4379 3778 3705 3964 3772 4064 4319 3954 4326 3936 3958 4162 3981 3976 3947 3712 4091 3887 4131 4095 3861 3877 3870 3982 3897 4298 3881 4424 4048 4023 3975 3725 3918 3932 3826 4230 4021 4302 4010 4087 3773 4261 4030 3912 4172 4361 3993 4050 4000 4232 3626 4690 3940 4055 3641 4276 3913 3740 3628 4198 3835 3905 4299 4229 4264 4205 3705 4094 4065 4320 4174 4352 3715 3679 4012 4332 4188 3817 4137 4271 4218 4075 4049 4114 3969 3558 3794 3941 4083 3739 4192 3938 3822 4148 3644 4001 3995 4193 3658 4347 3726 4385 4466 3850 3931 3891 3992 
4114 4076 3653 3880 4187 4064 4143 4363 3706 3912 3517 3687 3845 3947 3868 4229 4271 4210 3757 3874 4074 3870 4151 4067 4011 3782 3888 4199 4173 3976 4001 4058 4320 4330 4088 4038 4290 4088 3785 4115 4517 4099 3905 3957 4021 4183 4290 4042 4138 3565 4074 3642 4115 4551 3830 4221 4118 4000 3679 4358 3675 3727 3703 4142 3800 3963 3785 4247 4058 4005 4166 4042 4334 3747 3985 3897 4127 4047 3859 4033 4061 3864 3770 4006 3953 4145 3832 4063 4129 4150 4142 3854 4101 4154 3979 3857 4003 3432 3926 4192 3841 4162 4048 3834 4048 3837 4231 4014 3785 4304 4085 4092 4039 3487 3942 3886 4200 4027 4278 3792 4207 4083 3906 4052 3763 3823 3678 3757 4323 3868 4261 3966 3962 3764 4219 3983 3976 4075 4184 3907 4118 4234 4230 3685 4634 3962 4326 3554 4595 4117 3960 3624 4003 3862 3888 4239 4129 4450 4070 3665 4190 4306 4200 4042 4364 3800 3672 3955 4162 4265 3887 4098 4234 4407 4150 4133 4133 3796 3623 3769 4318 3986 3870 3952 4039 3910 4147 3581 4007 4224 4184 3676 4048 3700 4113 4122 3924 3910 4067 4050 
4117 4214 3930 3900 4208 4204 4186 4517 3953 4243 3676 3669 4199 4114 3954 4481 4327 4469 3929 4090 4193 3926 4237 4264 4277 3799 3910 4313 4272 4173 4200 4052 4122 4597 4023 4068 4336 4075 3833 4303 4685 4276 4217 4265 4298 4456 4305 4111 4324 3688 4308 3641 4422 4397 4195 4335 4368 4009 3845 4349 3962 4117 4005 4439 4088 4145 3859 4323 4267 4481 4227 4277 4184 4176 4481 4074 4501 4017 4077 4205 3849 3935 3880 4256 3942 4252 4251 4239 4013 4500 4308 3788 4143 4492 4055 4126 4106 3510 4360 4055 3979 4199 4061 3959 4324 3892 4118 4045 3688 4384 4190 4080 4175 3672 4039 3940 4286 4262 4161 3945 4317 4341 4003 4303 3930 4052 3774 3944 4341 4141 4526 4265 4331 3770 4253 4021 4229 4299 4442 4145 4210 4243 4300 3761 4875 4092 4169 3713 4454 4218 4064 3658 4221 4043 4049 4360 4300 4434 4377 3774 4327 4432 4340 4122 4287 3642 3941 3981 4392 4337 4151 4142 4360 4595 4003 4318 4176 4081 3778 3769 4542 4220 3978 3847 4113 4236 4205 3790 3956 4176 4165 3656 4325 3971 4487 4286 3907 3912 4129 4374 
4038 4154 3942 3918 4295 3992 4068 4351 3714 3912 3439 3692 4080 4218 3952 4621 4093 4428 4030 4251 4167 4055 4328 4335 4110 3895 4067 4593 4203 4043 4029 4266 4291 4485 4032 4078 4412 4309 4122 4284 4613 4263 4411 4197 3954 4366 4437 4260 4481 3661 4292 3859 4425 4482 4089 4158 4335 4202 3884 4070 3942 3841 3918 4357 3977 4100 4033 4175 4127 4317 4160 4117 4186 4251 4323 4058 4257 4211 4150 4213 4142 3927 4008 4092 4057 4323 4138 3897 4089 4368 4308 3734 4183 4457 4251 3972 3903 3912 4179 4238 4205 4114 4239 3746 4317 4075 4063 4102 3788 4315 4090 4109 4057 3779 3852 4154 4292 4185 4402 3982 4410 4150 4233 4279 3918 3762 3829 3976 4442 4006 4241 3874 4243 4123 4589 4185 4287 4309 4404 4278 4319 4195 4322 3898 4770 4086 4335 3803 4338 3900 3913 4015 3986 4012 4059 4434 4388 4502 4200 3751 4372 4297 4431 4304 4500 3741 3888 4053 4305 4404 3917 4423 4304 4492 4263 4310 4206 4042 3758 3954 4298 4385 3848 4049 4070 4242 4406 3895 4133 4155 4263 3609 4537 4093 4194 4426 4067 3940 4119 4372 
3759 4044 3452 3787 3981 4065 3938 3854 3395 3763 3563 3682 3968 3951 3902 4349 3802 4062 3532 3851 3790 3740 3853 4129 3949 3774 3847 4059 3953 3932 3962 3929 4143 4385 3749 3905 4156 3907 4142 3590 4242 4213 4125 3953 3926 4034 4381 3837 4081 3667 3805 3592 4042 4365 3949 4174 3984 3858 3719 4298 3502 3531 3554 4171 3826 3798 3594 4114 4138 4166 4276 3907 3872 3793 3901 3923 4099 3873 4215 4132 4095 3964 3831 3740 3939 4090 3845 3905 3779 4105 4091 3659 3981 4101 4018 3705 3706 3505 3851 4488 4030 4107 4006 3800 4100 4066 3972 4115 3609 3888 3845 3742 3758 3686 3767 3837 4014 3743 4030 3654 4240 3950 4099 4112 3861 3822 3767 3815 4241 3743 4130 4019 3839 3734 4242 4067 3980 4046 3927 4194 3757 4033 3943 3762 4728 4014 4196 3715 4251 3804 3788 3619 3960 3808 3857 4358 4085 4148 4016 3637 4179 4104 4173 3952 4378 3573 3434 3610 4132 4052 3900 4131 4082 4032 3930 3869 4091 3624 3698 3849 4152 4053 3586 3951 3750 4027 4257 3357 3900 4036 4160 3395 4278 3641 4084 4137 4100 3664 3946 4148 
3723 4090 3614 3782 4110 3817 3798 4064 3534 3685 3269 3676 4003 4029 3823 4105 3811 3857 3607 3843 3784 3518 3817 3916 3834 3665 3752 4203 3978 4042 3983 3847 4036 4395 3571 3894 4007 3628 3976 3947 4331 4054 4056 4133 3768 3981 4153 3884 4106 3345 3954 3558 4104 4172 3926 3998 4217 3826 3628 3995 3556 3381 3678 4099 3604 3904 3699 4064 3864 3872 3874 3916 3907 3801 4032 3864 3943 3524 3922 3846 3776 3752 3968 3927 3915 3947 4152 3796 3691 3860 4028 3617 3829 3875 4165 3665 3638 3611 4077 3922 4134 3952 3859 3447 3946 3794 4068 3849 3436 3810 3852 3886 3818 3648 3660 3783 3863 3757 4191 3882 4144 3875 3958 4117 3641 3692 3984 3695 4162 3766 4081 3907 3802 3707 4340 3998 3861 3943 4243 4135 3829 3858 3944 3736 4405 3718 4106 3499 4165 3730 3587 3731 3924 3689 3686 3937 3963 4028 4010 3770 3900 4084 4158 3841 4216 3582 3557 3619 3867 3965 3729 4262 3994 4043 3720 4005 3979 3714 3476 3687 3949 4119 3742 3751 3670 3851 3912 3449 3700 3875 3876 3431 4015 3734 4030 4202 3706 3687 3857 4081 
3989 3978 3745 3677 3955 4022 3851 4147 3570 3822 3326 3505 3836 4008 3705 4487 4079 4166 3592 3706 3824 3733 3924 4165 3754 3902 3670 4243 4246 4109 3868 4051 3997 4268 3766 3792 3964 3758 3805 3910 4155 3931 4172 4103 3850 3949 4241 4003 4255 3361 3865 3829 4176 4179 3804 3985 3972 3829 3782 4028 3679 3758 3676 3953 3700 3841 3674 4171 3984 4288 4069 4085 3991 3807 4009 3633 3661 3806 3929 3965 3961 3947 3711 3874 3801 4088 3959 3663 3877 4017 4300 3638 3911 4003 4012 3977 3987 3398 3999 3824 3705 4029 3860 3574 4201 3855 4016 3961 3556 4017 3827 3750 4161 3600 3624 3739 3854 4111 3970 3745 4190 3725 4100 4229 3753 3751 3892 3503 4355 3832 4230 3925 3727 3769 4077 3746 3769 3799 4072 3904 3931 4131 3935 3646 4534 3794 3918 3689 4104 3923 3626 3795 3834 3665 3770 4298 4081 4297 3954 3658 3914 4142 4089 4005 4176 3598 3626 3613 3898 4072 3669 3977 3950 4094 3955 4173 4039 3749 3595 3764 4211 3850 3776 3886 3870 3866 3974 3268 4136 3959 3782 3309 4110 3575 4014 4036 3731 3512 4058 3903 
4192 4246 3777 3809 4150 4107 4342 4281 3974 4095 3916 3826 4284 4155 4026 4313 4370 4361 3835 4141 3993 3947 4155 4246 4329 3761 4258 4308 4074 4368 4338 4226 4166 4391 3957 4011 4333 4220 4115 3835 4722 4252 4253 4187 4187 4244 4264 4471 4502 3726 4023 4130 4273 4408 4213 4394 4253 3884 3838 4368 3870 4050 3997 4122 3941 4292 3870 4519 4289 4156 4421 3919 4017 4190 4276 4170 4302 4032 4110 4131 3953 4007 3949 4104 4190 4190 4131 3924 3972 4435 4172 3851 4228 4467 4314 4027 3873 3864 4051 4281 4327 4381 3943 3913 4440 4168 4001 4232 3852 4100 4271 4141 4146 3718 3843 4008 4490 4006 4142 4013 4425 4277 4249 4471 3806 3926 3815 4028 4383 3885 4431 3921 4115 3907 4496 4053 4115 4164 4185 4162 3837 4259 4511 3908 4923 3951 4151 4000 4617 4043 3873 3948 4312 4060 4266 4319 4380 4234 4159 4162 4266 4384 4593 4268 4674 3862 3844 3995 4322 4331 4073 4289 4115 4341 4190 4172 4307 3969 3793 3883 4398 4166 3968 3905 4045 4017 4284 3959 4254 3930 3952 3836 4346 3814 4407 4715 4185 3968 3961 4514 
4231 4120 3839 4016 4552 4303 4219 4528 3958 4022 3731 4019 4373 4445 4240 4635 4120 4294 3935 4149 4180 3892 4430 4472 4307 4041 4219 4425 4369 4146 4347 4367 4355 4483 3857 4216 4381 4216 4328 4138 4654 4296 4202 4410 4178 4449 4366 4349 4488 3896 4146 4008 4321 4656 4172 4240 4490 4163 3949 4292 3920 4172 4053 4358 4024 4280 4072 4471 4160 4318 4453 4166 4290 4275 4344 4254 4454 4157 4099 4331 4132 4075 3963 4183 4145 4445 4340 4095 4140 4324 4403 3906 4224 4377 4391 4002 4072 3805 4317 4364 4233 4233 3938 3834 4443 4314 4224 4293 4018 4469 4271 4262 4067 4012 3923 4167 4385 4022 4319 3938 4524 4298 4197 4198 4170 3998 4024 4131 4593 3977 4656 4290 4313 4029 4649 4409 4380 4199 4360 4158 4070 4125 4408 3904 4650 3853 4060 4008 4635 4033 4007 4260 4233 3868 4204 4335 4251 4598 4214 3971 4503 4243 4460 4071 4523 4139 4081 4237 4605 4612 4001 4379 4390 4405 4263 4176 4275 3992 3945 3998 4280 4417 4118 4083 4053 4220 4385 3857 4248 4625 4249 3792 4474 3651 4388 4368 4408 3997 4245 4202 
3720 4026 3840 3978 4240 4273 4168 4115 3634 3926 3585 3909 4056 4260 4041 4469 3962 4293 3574 3950 4047 3969 4158 3957 3875 3739 4206 4264 4372 4256 4028 4015 4199 4426 4070 4095 4219 4130 3948 3949 4698 4306 4292 4290 4311 4206 4207 4242 4517 3661 4130 3876 4275 4426 4148 4498 4260 3868 3682 4196 3670 3767 4119 4295 3991 4200 3911 4250 4350 4382 4146 4150 4222 4059 4140 4062 4428 3872 4116 4074 4022 4067 4011 3962 3972 4224 4284 4116 4032 4227 4141 3666 4191 4346 4125 4104 4009 3602 4354 4274 3843 4151 3954 3994 4344 4079 4110 4176 3887 4142 3958 4248 4020 3885 3910 3991 4377 4005 4170 3909 4311 4282 4374 4508 3821 3919 3896 3810 4392 3917 4351 4085 4155 3966 4154 3961 3999 3947 4238 4114 4159 4199 4404 3778 4602 3974 4207 3968 4644 4020 3960 3848 3910 4051 4070 4137 4277 4395 4293 4121 3971 4143 4499 4106 4278 3921 4222 3888 4243 4171 3913 4235 4245 4440 3921 4304 4254 3946 3928 3888 4478 4050 4183 4117 3949 4073 4158 3705 4147 4232 4111 3692 4065 4018 4342 4378 4216 3858 4097 4373 
4060 4230 3897 4054 4250 4160 4135 3975 3891 3912 3761 4055 4440 4257 4136 4630 3953 4407 3878 4164 3863 3968 4155 4281 4040 3957 3909 4339 4344 4262 4192 4283 4230 4312 4135 4296 4206 4240 4129 3962 4468 4452 4098 4179 4135 4177 4190 4589 4190 3878 4085 3891 4364 4565 4294 4413 4286 3894 3894 4342 3709 3984 3773 3956 4070 4085 3707 4435 4290 4337 4415 4105 4002 4280 4329 4007 4324 3774 4255 4307 4027 3874 3988 4117 4086 4305 4121 4210 3923 4377 4463 3669 4324 4365 4253 4017 4129 3601 4222 4467 4258 4271 4063 3776 4384 4230 4207 4171 3809 4302 4144 4303 3964 3896 4003 4124 4293 3965 4120 3944 4516 4336 4012 4271 3933 3935 3938 4086 4609 3921 4576 4005 4069 3747 4483 4285 4252 4005 4070 4149 4280 3924 4405 3808 4825 3999 4336 3848 4481 4121 3897 4146 4029 4107 4282 4394 4225 4234 4284 3846 4545 4330 4315 4263 4638 3911 3894 4083 4443 4659 3946 4264 4481 4457 4053 4462 4418 4114 3878 4006 4323 4186 4082 4222 3929 3988 4315 3746 4271 3859 3956 3949 4347 4006 4299 4359 4216 3881 4250 4231 
3831 3883 3774 3880 4098 3928 4076 4092 3564 4200 3418 3782 4266 4176 3956 4233 3848 4102 3713 3818 3856 3693 4084 4248 3962 3835 3967 4217 4007 3956 4007 3890 4277 4248 3867 4012 4154 4003 3928 4117 4467 4141 4024 4207 4073 4148 4273 4115 4420 3600 3976 3909 4232 4368 4136 4116 4247 3940 3749 4032 3787 3919 3975 3897 3978 3746 3964 4308 4214 4178 4345 4100 4095 3754 4198 3870 4314 3915 4204 4173 3970 3803 3971 3841 3961 4198 3912 3875 3906 4262 4057 3717 4126 4286 4078 3887 3807 3630 4084 3941 4120 3916 3847 3682 4200 3987 3940 4037 3964 4017 4252 4012 4054 3686 3745 3769 4160 3868 3962 3671 4326 4221 4206 4122 3587 3746 3880 4000 4258 3957 4276 3811 4143 3738 4263 4105 4078 4278 4199 4120 3888 4053 4332 3627 4674 3849 3973 3987 4399 3896 3857 3638 3919 3922 4021 4159 4125 4212 4222 3708 4227 4209 4273 4073 4386 3783 3907 4226 4104 4096 3769 4157 4203 4398 4015 4096 4178 3850 3697 3641 4175 3944 3923 3896 4065 4167 4266 3644 3955 3961 3990 3347 4225 3798 4023 4545 4076 3585 3946 4228 
3622 3820 3409 3387 3919 3770 3578 3521 3417 3615 3177 3184 3841 3626 3623 4030 3654 3943 3257 3642 3522 3544 3632 3972 3518 3713 3459 3702 3836 3812 3608 3739 3791 3998 3577 3506 3784 3468 3526 3563 3821 3767 3818 3636 3655 3733 3989 3748 3895 3475 3565 3623 3727 3979 3849 3931 3800 3509 3241 4063 3320 3698 3413 3829 3531 3812 3531 3840 3808 3981 3920 3560 3640 3769 3944 3569 3917 3470 3634 3752 3495 3625 3160 3472 3241 3811 3724 3652 3736 3795 4117 3596 3723 3943 3694 3777 3600 3363 3909 3995 3669 3854 3748 3322 4112 3592 3740 3974 3418 3807 3795 3525 3746 3220 3265 3775 3756 3761 3799 3508 3880 3843 3846 3927 3513 3660 3501 3703 3895 3680 3966 3592 3644 3592 3790 3795 3710 3828 3792 3825 3659 3708 3881 3518 4160 3726 3750 3563 3975 3937 3486 3244 3918 3577 3673 3992 3805 3860 3990 3486 3845 3844 3965 3617 3992 3370 3114 3408 3749 3808 3672 3790 3834 4052 3579 3883 3841 3571 3452 3375 3835 3804 3385 3560 3456 3510 3924 3379 3598 3855 3661 3118 3864 3459 3878 3841 3598 3464 3608 3723 
3805 4089 3765 3793 4115 4050 4171 3896 3434 3867 3315 3601 4262 3730 3823 4268 4005 4086 3662 3710 3692 3770 4003 4119 3869 3639 3894 3890 4035 3821 3828 3944 4112 4111 3949 3625 3971 3822 3827 3697 4455 3917 4026 4035 3883 4023 4109 4167 4132 3597 4021 3786 3990 4063 3824 4207 4097 3787 3606 4320 3561 3751 3749 4127 3765 3997 3658 3915 4152 3827 4198 3915 3819 3896 4356 3654 4164 3915 3712 3964 3915 3724 3591 3854 3939 3856 3902 3944 3727 3880 4071 3396 3964 4110 4048 4022 3895 3417 3884 4018 3977 3852 3824 3658 3837 3846 3996 3869 3676 3971 3858 4075 3849 3584 3703 3915 4048 4065 3943 3432 4192 4018 3947 3997 3555 3765 3592 3742 4086 3919 4340 3746 3907 3621 4388 3764 3963 4020 4143 3930 3688 3771 4002 3605 4489 3571 3984 3470 4244 4062 3723 3368 3917 3892 3887 4214 4059 4127 4007 3628 4033 4114 4089 3948 3947 3707 3671 3799 4008 3929 3734 4300 4158 4091 3819 4072 3911 3858 3827 3715 4177 3913 3664 3892 3868 4258 4236 3587 3806 3978 4078 3328 4072 3483 4019 4095 3994 3787 3824 4103 
4387 4310 3969 4081 4658 4247 4307 4467 3767 3959 3768 4001 4386 4410 4010 4697 4405 4581 4173 4120 4307 4011 4441 4502 4319 4152 4240 4479 4384 4292 4410 4291 4427 4773 4186 4152 4600 4344 4361 4248 4891 4730 4543 4329 4347 4584 4729 4316 4633 3934 4292 4402 4668 4680 4430 4663 4422 4334 3999 4545 3983 4025 4126 4482 4133 4356 3991 4680 4543 4472 4414 4299 4377 4574 4401 4469 4545 4111 4412 4350 4184 4195 3926 4335 4113 4656 4401 4428 4411 4543 4613 4115 4472 4489 4399 4237 4265 4212 4346 4582 4392 4341 4093 4117 4724 4681 4501 4350 3935 4278 4352 4235 4118 3885 4072 4016 4431 4185 4447 4255 4748 4452 4381 4527 4117 4118 4287 4218 4720 4398 4675 4297 4337 4269 4704 4275 4403 4461 4386 4272 4494 4466 4499 4123 4985 4187 4372 3968 4705 4261 4126 4063 4471 4069 4187 4729 4378 4691 4327 4073 4699 4539 4548 4325 4855 3930 4010 4430 4512 4439 4056 4506 4684 4532 4399 4431 4589 4205 4080 3934 4415 4294 4083 4410 4227 4365 4598 3770 4452 4606 4512 4140 4464 4239 4515 4734 4292 4038 4303 4416 
3976 3961 3629 3689 4003 3831 3730 4012 3729 3721 3511 3646 4016 3971 3789 4232 4040 4114 3472 3789 3784 3812 4019 4058 3943 3869 3880 4208 4012 3994 4189 3802 4039 4296 3733 3857 4188 3840 3860 3759 4210 4169 4148 4050 3882 3942 3894 4102 4081 3367 3789 3804 4196 4147 3850 4164 4028 3852 3736 4140 3607 3729 3949 4023 3733 3994 3636 4001 3985 4048 4127 3902 4166 3908 4169 3812 4115 3816 3996 3987 3671 3851 3855 3828 3883 4237 3834 3798 3941 4027 4051 3730 4117 4079 3991 3553 3695 3399 4150 3950 3828 4179 3843 3621 4037 3687 4004 3976 3637 3999 3872 3879 4071 3732 3946 3754 3999 3779 4012 3533 4196 3966 4012 4255 3794 3796 3882 3732 4176 3678 4233 3745 4025 3687 4221 4184 3974 3984 4098 3887 3919 3979 4094 3750 4649 3847 4061 3605 4342 4060 3963 3700 4067 3947 4107 4041 4169 4021 3988 3662 4018 4023 4180 3934 4214 3746 3882 3603 4021 3984 3573 4080 4160 4297 4063 3862 3853 3657 3736 3652 4293 3904 3715 3575 3957 3806 4094 3553 4000 4121 3950 3576 4005 3632 4222 4345 3949 3722 3845 4262 
3909 3996 3629 3568 4071 3915 3924 3860 3647 3638 3516 3777 4129 3925 3931 4190 4016 4031 3427 3707 3719 3730 4043 4106 3757 3886 3833 4062 4039 3945 3924 3885 4150 4425 3676 3696 4068 3907 3805 3913 4077 4393 4320 3867 3806 4039 4094 4046 4012 3654 3651 3767 4136 4063 4088 3966 4136 3753 3554 4230 3684 3723 3674 3925 3827 3977 3607 4029 4057 4062 4207 3897 3982 3988 4135 3879 4017 3779 3801 4043 3969 3792 3764 3830 3577 4069 4086 3800 3848 4065 4207 3807 3997 4160 3930 3854 3809 3686 4007 3956 3850 3941 3790 3526 4013 3992 4118 4028 3705 3922 3922 3984 3779 3723 3848 3890 4077 3893 3964 3603 4415 4076 4003 4168 3549 3701 3670 3578 4297 3779 4349 3961 3917 3717 4226 4082 3898 3989 3965 4034 3925 4181 4031 3715 4319 3691 4027 3520 4175 3939 3848 3368 3951 3626 3963 4016 4097 4306 4195 3770 4028 4143 3977 3966 4277 3593 3724 3684 4038 3890 3722 4069 3966 4326 3685 4134 4166 3648 3724 3724 4121 4024 3858 3876 3791 3992 4058 3405 3788 4020 3909 3417 3917 3684 4126 4157 3685 3486 3831 4079 
4017 3765 3589 3607 3905 3786 3643 3884 3598 3762 3469 3576 3733 3939 3855 4334 3790 3946 3590 3822 3799 3535 4070 3816 3837 3627 3872 3930 4042 3716 3928 3938 3747 4014 3754 3668 3862 3773 3847 3559 4034 3927 3956 3852 3566 4239 4124 4037 4065 3309 3847 3468 3904 3998 3614 4008 4056 3605 3517 3886 3632 3706 3621 3723 3721 3773 3785 3890 4008 4057 3821 3919 3925 3725 3887 3907 4056 3800 3862 4031 3648 3663 3814 3774 3808 4154 3915 3535 3828 3955 3951 3475 3744 4112 3951 3747 3659 3429 3917 3944 3778 4095 3701 3430 3932 3695 3827 3872 3523 4050 3825 3906 3645 3564 3575 3905 3907 3580 3784 3724 3943 3794 3914 3990 3732 3599 3702 3765 4036 3755 4133 3810 3926 3600 4104 3720 3829 4025 3839 3690 3803 3972 3961 3588 4310 3671 3743 3487 4171 3928 3593 3370 3705 3682 3836 4100 4001 4217 3940 3640 4072 3865 4246 3812 4184 3320 3594 3608 4016 3986 3547 3731 3860 4143 3816 3783 3883 3641 3652 3673 3928 3924 3506 3769 3777 3908 3989 3329 3683 3906 3833 3287 3963 3488 4033 3860 3892 3394 4060 3846 
3833 4034 3500 3714 4164 3947 3795 4097 3418 3924 3637 3634 3906 3908 3706 4273 4141 4279 3530 3930 3681 3683 4109 4161 3992 3604 3682 4272 3954 3946 3818 3973 4101 4066 3677 3894 4102 3645 3753 3732 4321 4138 4251 3920 3772 4018 4378 4129 4017 3279 3839 3756 4300 4122 3906 4181 4187 3888 3776 4269 3668 3903 3672 4240 3868 3986 3668 4129 3980 4196 3983 3951 4009 3913 4232 3972 4241 3923 4067 4099 3738 3808 3539 3919 3695 3987 3919 3897 3772 4090 4100 3654 4052 4205 3966 4042 3831 3650 3904 4100 3778 4011 3837 3787 3978 3794 3973 3873 3573 3954 3992 3802 3930 3550 3886 3761 3958 3808 4136 3614 4328 3883 3884 4102 3560 3861 3558 3721 4348 3964 4151 3835 4022 3578 4229 3805 4084 3895 4267 4112 3762 4033 4050 3724 4648 3901 4010 3462 4291 3820 3601 3438 3988 4004 3877 4224 3942 4006 3895 3604 3959 4116 4202 3832 4003 3558 3371 3631 3955 4107 3835 4108 4065 4285 3878 3902 3893 3746 3660 3781 4184 3875 3728 3904 3803 4152 4374 3407 3828 3814 3857 3603 3911 3701 4282 4048 3916 3597 3893 4133 
4139 4492 4213 4121 4270 4619 4328 4372 4106 4227 3662 3919 4148 4347 4248 4517 4318 4572 3896 4279 4344 3893 4536 4262 4178 3714 4137 4280 4258 4378 4234 4480 4205 4515 3984 4123 4305 4289 4111 3905 4739 4477 4448 4460 4090 4297 4340 4292 4373 3640 4235 4029 4456 4479 4103 4404 4457 4168 3986 4409 3877 3956 4053 4188 3947 4181 4068 4396 4555 4673 4199 4259 4341 4272 4572 4222 4368 3866 4222 4372 4026 3900 3972 4059 4250 4525 4258 4290 4250 4433 4507 3768 4214 4444 4428 4076 4254 3861 4463 4268 4114 4342 4148 3921 4311 4232 4164 4380 3932 4172 3940 3985 4138 3938 4126 4101 4492 4104 3980 3896 4551 4268 4275 4305 4064 3965 4056 4007 4526 4309 4589 4234 4451 4048 4287 4382 4140 4163 4479 4494 4330 4174 4440 4093 4936 4301 4260 4066 4609 4059 4041 4010 4295 4186 4346 4470 4129 4671 4202 3917 4430 4564 4672 4203 4464 4012 4003 4109 4269 4635 4121 4459 4461 4445 4125 4278 4264 4238 3941 3952 4377 4281 4280 4064 3967 4497 4192 3740 4293 4234 4252 3804 4354 4243 4641 4257 4208 3926 4102 4475 
3738 3811 3394 3717 3774 3780 3630 3736 3508 3558 3007 3423 3602 3862 3654 3942 3547 3757 3573 3770 3551 3424 3759 3786 3531 3715 3539 3650 3885 3751 3701 3775 3771 4055 3600 3519 3854 3600 3767 3608 4105 3986 3735 3867 3768 3791 3838 3797 4021 3289 3765 3438 3934 3934 3660 3865 3927 3324 3303 3668 3335 3480 3565 3691 3629 3780 3498 3707 3556 3824 3588 3744 3620 3564 3891 3639 3790 3505 3619 3795 3525 3617 3615 3582 3829 3652 3654 3687 3497 3802 3866 3396 3729 3663 3768 3477 3499 3106 3836 3911 3790 4228 3670 3550 3778 3495 3657 3953 3610 3845 3506 3556 3678 3561 3445 3570 3772 3628 3617 3612 3964 3708 3640 3747 3535 3319 3404 3469 3911 3763 4122 3856 3717 3302 4100 3768 3812 3791 3582 3746 3512 3561 3893 3434 4265 3680 3756 3533 4066 3534 3582 3577 3755 3661 3798 3783 3766 3965 3754 3639 3943 3895 3859 3685 3973 3605 3299 3538 3782 3845 3237 3759 3915 3968 3610 3815 3639 3481 3418 3477 4032 3752 3513 3496 3556 3693 3669 3398 3690 3803 3602 3591 3734 3440 3825 4009 3758 3664 3702 3744 
3622 3692 3589 3368 3762 3766 3786 3714 3460 3461 3391 3366 3918 3687 3725 4168 3727 3756 3582 3504 3829 3567 3792 3984 3593 3377 3559 4034 3617 3804 3700 3783 3718 4209 3577 3725 3870 3734 3672 3692 4160 4050 3717 3801 3617 3917 3949 3830 3961 3345 3726 3504 3944 3984 3477 4051 3840 3360 3489 3843 3543 3626 3666 3884 3603 3672 3500 3666 3849 4007 3997 3968 3870 3763 4003 3814 3814 3639 3754 3856 3712 3428 3802 3673 3750 3698 3838 3578 3634 3879 3781 3366 3642 3867 3832 3512 3605 3376 3879 3582 3697 3744 3501 3577 3954 3727 3796 3840 3473 3919 3640 3621 3752 3424 3575 3619 3995 3654 3911 3637 4025 3773 3990 3886 3723 3542 3651 3385 3835 3508 4179 3694 3618 3720 4117 3847 3561 3900 3951 3779 3764 3637 3880 3403 4382 3504 3758 3411 4103 3485 3670 3680 3708 3525 3591 4033 3741 4163 3875 3554 3827 3760 3963 3975 4008 3360 3478 3906 3850 4019 3600 3794 3978 4146 3805 3838 3977 3556 3449 3508 3972 3876 3683 3755 3630 4193 3941 3249 3702 3770 3824 3305 3755 3481 3868 3850 3624 3537 3660 3895 
3902 4276 4034 3986 4397 4261 4077 4270 3683 4131 3430 3690 4254 4076 4192 4799 4312 4382 3994 4276 4103 4048 4199 4272 4014 3860 4029 4589 4369 4356 4178 4136 4338 4510 4092 4193 4506 4083 4259 4199 4589 4332 4120 4415 4066 4489 4464 4342 4422 3823 4094 3987 4388 4583 4274 4258 4415 3877 3734 4561 4086 4088 4241 4155 3913 4189 4220 4375 4461 4358 4147 4298 4309 4255 4475 4222 4512 4180 4356 4220 4005 4058 3923 4043 4164 4147 4243 4209 4130 4306 4469 3897 4248 4288 4316 3994 4011 3656 4377 4303 4134 4327 4123 4009 4237 4220 4098 4252 3907 4388 4104 4101 4234 3973 3996 3887 4413 4086 4499 4113 4677 4089 4220 4228 4060 4076 4310 4098 4381 4207 4403 4093 4263 4198 4590 4201 4171 4410 4358 4369 4278 4049 4469 4094 4891 4028 4407 3869 4792 4020 4103 4046 4166 4168 4268 4141 4193 4541 4170 4132 4261 4337 4513 4186 4467 4033 3919 3983 4286 4487 4100 4448 4238 4564 4028 4205 4360 4004 3900 4148 4257 4298 4099 4166 3993 4305 4345 3533 4201 4194 4157 3680 4164 4115 4534 4727 4187 4105 4427 4418 
3835 3865 3574 3712 3925 3751 3918 3767 3459 3531 3338 3438 3713 3850 3545 4263 3594 3980 3454 3545 3609 3964 3789 3715 3808 3638 3584 3877 3838 3894 3805 3776 4136 4110 3886 3716 4076 3517 3712 3739 4244 3738 3866 3904 3927 3777 4231 4009 4107 3323 3625 3596 3872 4144 3813 4227 3972 3635 3502 3929 3432 3573 3582 3881 3632 3646 3694 3820 3835 3941 3866 4086 3901 3690 3938 3841 3972 3653 3956 3783 3875 3739 3617 3766 3484 3960 3637 3767 3661 3835 4026 3359 3755 3806 3968 3550 3711 3280 3979 3928 3631 3797 3590 3400 3825 3823 3728 3761 3633 3808 3966 3629 3774 3455 3661 3593 3778 3895 3973 3465 3855 3855 3872 3920 3595 3715 3728 3465 4072 3760 4290 3728 4042 3529 4019 3766 3961 3849 3890 3820 3734 3587 3930 3510 4259 3724 3875 3581 4054 3785 3639 3274 3981 3672 3580 3791 3857 4022 3817 3739 4081 3942 4024 3814 3872 3476 3401 3645 4104 3853 3480 3981 4076 4003 3613 3971 3911 3782 3528 3472 4048 3740 3626 3715 3705 3808 3803 3260 3837 3817 3852 3318 4067 3557 4015 4403 3821 3711 3948 3900 
4422 4361 4146 3917 4701 4560 4505 4442 4058 4265 3720 4190 4425 4553 4265 4810 4236 4443 4104 4406 4343 4186 4628 4516 4280 3956 4269 4740 4570 4482 4244 4432 4209 4922 4145 4198 4687 4533 4304 4339 4992 4492 4446 4629 4491 4407 4726 4441 4672 3837 4321 4224 4416 4634 4515 4675 4581 4486 4244 4736 3942 4194 4297 4493 4219 4498 3999 4504 4567 4574 4562 4462 4547 4484 4608 4215 4477 4290 4724 4624 4197 4294 4304 4141 4394 4325 4312 4404 4194 4651 4636 3716 4327 4504 4480 4138 4366 4014 4479 4380 4379 4624 4298 4314 4515 4309 4484 4491 4014 4340 4306 4183 4553 4095 4161 4135 4468 4403 4426 4106 4864 4501 4457 4569 4215 4254 4224 4258 4701 4421 4829 4344 4431 4469 4617 4209 4351 4549 4477 4440 4493 4383 4470 4365 5055 4231 4318 4137 4884 4225 4215 4144 4540 4163 4129 4721 4434 4778 4393 4248 4436 4725 4583 4565 4781 4182 4091 4157 4567 4345 4206 4680 4563 4670 4253 4513 4823 4322 4083 4208 4800 4525 4185 4234 4359 4454 4275 3643 4329 4572 4473 4121 4541 4154 4467 4671 4067 4085 4485 4560 
3735 3904 3754 3771 4142 4010 3766 4038 3642 3700 3379 3609 3602 3825 3789 4132 3680 4024 3662 3887 3678 3598 3878 4020 4010 3862 3933 4088 3935 3895 4005 4135 3946 4055 3889 4027 4066 3943 3693 3610 4275 4018 4144 4068 3692 3875 4085 4197 4095 3500 3917 3489 3955 4200 3998 4042 4251 3884 3606 4092 3698 3516 3741 3873 3693 3649 3620 4179 3867 4259 4113 3661 3850 3851 4105 3773 3958 3794 3873 4173 3812 3613 3563 3932 3737 3918 3710 3680 3870 4015 4073 3740 3641 4051 4036 3807 3736 3400 3898 4029 3936 4147 3829 3654 3818 3880 3644 3737 3667 4001 3810 3932 3922 3706 3843 3640 4002 3708 4025 3653 4152 3819 3808 3929 3707 3651 3760 3716 4019 3622 4236 3884 3859 3967 4016 3906 3746 4062 3915 3897 3775 4109 3781 3621 4399 3866 4082 3843 4230 3963 3885 3556 3803 3700 3629 4015 4106 4302 3858 3500 4175 4064 4387 3868 4264 3446 3517 3548 4126 4207 3520 4006 4012 4136 3892 3841 3868 3783 3450 3915 3851 3963 3714 3786 3791 3764 3773 3733 3996 3919 3789 3433 4042 3740 4152 4121 3673 3697 3823 4166 
3987 4121 3846 3655 4128 3982 4036 4017 3671 4057 3479 3682 4212 3893 3772 4312 4073 4105 3635 3747 3870 3809 4092 4253 4066 3792 3984 4293 4212 3782 3994 4085 4077 4196 3868 3781 3998 3951 3822 3961 4406 4089 4280 4139 3874 4227 4485 4027 4059 3470 4044 3945 4303 4201 4004 4239 4264 3968 3789 4336 3665 3814 3638 4226 3745 4045 3746 4127 3997 4266 4298 4074 4108 3878 4263 4230 4349 3816 4168 3945 3894 3857 3750 4009 4074 4450 4118 3903 3585 4167 4170 3680 4030 4240 3956 3811 3783 3665 4140 4022 4046 3957 3782 3726 4240 3917 4145 3920 3786 3970 3983 4053 4017 3658 3804 3928 4301 3755 3983 3682 4170 4366 4077 4290 3814 3631 4060 3683 4464 3762 4094 3811 4141 3800 4262 4204 4128 4125 4112 4074 3944 4149 4148 3657 4540 4036 3811 3705 4562 3786 3893 3841 3893 3979 4026 4084 3961 4136 4034 3695 4024 4121 4344 3994 4233 3551 3769 3827 4365 4050 3728 4015 4174 4156 3742 4145 4159 3833 3679 3886 4266 4050 3681 3847 3890 4192 4195 3829 4146 4227 4082 3603 4087 3891 4197 4224 4081 4004 4034 4264 
3990 4064 3812 3812 4194 4151 4139 4003 3698 4157 3721 3571 4241 4193 4164 4528 4325 4406 3492 3930 4070 3841 4178 4378 4069 3853 4081 4228 3985 4196 4122 4105 4122 4594 3937 4104 4285 4019 4141 3999 4302 4353 4206 3955 4021 4274 4513 4221 4404 3932 4035 3875 4495 4404 4065 4477 4460 4093 3845 4550 3981 4181 3867 4279 4081 4131 3887 4359 4194 4251 4330 4047 4219 4174 4251 4384 4525 3955 4141 4231 3981 4007 4085 3979 4050 4254 4135 3967 4170 4395 4346 3693 4114 4340 4105 4105 4117 3771 4257 4211 4326 4246 3846 3723 4391 4338 4065 4195 3887 4144 4114 4144 3943 3892 3984 4134 4330 4232 4320 3996 4394 4224 4345 4330 3745 3867 3922 3863 4368 3920 4366 3969 4052 3857 4231 3928 4279 4095 4275 4186 4169 4152 4228 3810 4888 3962 4226 3811 4541 4053 3955 3713 4200 3996 4225 4446 4262 4355 4183 3897 4380 4340 4501 3999 4371 3899 3880 3902 4449 4444 3997 4390 4322 4331 3947 4433 4304 3850 3837 3789 4521 3990 3959 4010 4009 4008 4536 3777 4265 4088 4042 3590 4173 4056 4515 4550 4028 3793 4357 4437 
4434 4437 4380 4130 4884 4425 4372 4503 4165 4231 3880 4201 4364 4440 4411 4853 4541 4682 4257 4394 4376 4121 4328 4400 4330 4120 4392 4644 4621 4397 4280 4429 4444 4786 4099 4485 4507 4414 4332 4381 4785 4575 4488 4538 4426 4528 4649 4410 4525 4060 4560 3917 4581 4852 4467 4627 4470 4396 3997 4618 4124 4136 4340 4356 4296 4397 4207 4584 4477 4674 4257 4465 4479 4572 4503 4237 4477 4274 4487 4450 4191 4145 4416 4180 4254 4542 4417 4268 4418 4503 4723 3979 4490 4728 4384 4498 4412 3928 4206 4408 4388 4680 4389 4279 4398 4298 4638 4532 4221 4419 4379 4407 4342 4137 4194 4270 4524 4459 4349 4217 4864 4389 4537 4654 4136 4176 4356 4379 4424 4461 4588 4365 4652 4526 4893 4380 4200 4542 4674 4574 4657 4740 4857 4083 5096 4323 4688 4014 4658 4240 4295 4127 4317 4318 4436 4484 4498 4835 4552 4172 4385 4542 4642 4398 4756 3896 3949 4236 4457 4475 4206 4495 4599 4611 4085 4557 4747 4143 3880 4122 4637 4538 4367 4373 4239 4464 4562 3972 4571 4527 4580 3704 4757 4401 4758 4782 4246 4200 4448 4565 
3759 4058 3431 3506 3916 3770 3775 3827 3619 3589 3282 3487 3828 3833 3890 3912 3742 3953 3434 3706 3572 3571 3801 3897 3731 3623 3824 3880 3795 3913 3752 3918 3833 3936 3509 3682 4087 3614 3747 3968 4288 3723 3921 3852 3639 3710 3984 4139 3947 3414 3530 3397 3937 4051 3803 4087 4104 3579 3543 3990 3454 3627 3614 3905 3654 3836 3707 4037 4025 3845 4087 3943 3946 3740 3908 3715 3944 3584 3672 3832 3710 3567 3710 3967 3633 3838 3688 3767 3456 3655 3751 3473 3834 3929 3944 3754 3653 3392 3828 3810 3906 3715 3819 3498 3690 3739 3836 3914 3467 4070 3585 3931 3472 3699 3663 3968 3874 3669 3935 3515 4096 3728 3622 3713 3372 3579 3518 3525 4094 3715 4032 3614 3586 3545 4180 3739 3606 3774 3976 4010 3663 3739 4010 3519 4467 3725 4043 3595 4144 3920 3733 3451 3983 3558 3754 4035 3982 4127 3799 3600 4001 4058 4057 3647 4015 3468 3288 3516 3703 3937 3625 4034 3974 4175 3694 3926 3986 3587 3489 3582 4001 3729 3611 3791 3614 3810 3685 3479 3925 3615 3650 3169 3967 3491 3934 4136 3889 3609 3947 3683 
4094 4278 3707 3886 4390 4242 4226 4094 3852 3968 3680 3815 4185 4247 4132 4502 4283 4423 3615 4164 4043 3859 4372 4474 4153 4000 4098 4320 4279 4330 4011 4329 4119 4272 4179 4286 4363 4063 3999 4017 4461 4303 4354 4187 4078 4140 4243 4292 4393 3695 4026 3862 4256 4542 4237 4344 4464 4246 4012 4150 3808 4241 3853 4276 3967 4258 3951 4478 4357 4473 4420 4413 4195 4274 4307 4032 4195 4003 4176 4245 4073 3922 3897 3894 3850 4177 4220 4041 4156 4380 4322 3888 4134 4387 4202 3957 4107 3655 4280 4188 4203 4379 4171 3934 4268 3965 4106 4165 3832 4394 4366 3958 4094 3818 4009 4172 4154 4204 4146 3912 4178 4125 4146 4284 3907 4200 4059 3932 4463 4086 4461 4096 3965 4076 4415 4238 4137 4293 4298 4235 3993 4174 4404 4053 4865 4071 4229 4068 4552 4113 3978 3843 4142 4142 4055 4469 4245 4291 4163 3905 4257 4148 4189 4069 4590 3672 3679 3891 4257 4440 3977 4372 4151 4482 4140 4227 4390 4026 3700 4035 4343 4168 4011 4097 4174 4026 4161 3649 4259 3976 4183 3339 4304 3967 4414 4392 4090 3859 4171 4184 
4101 4304 4033 3837 4241 4353 4322 4329 3691 3985 3900 3860 4202 4219 4034 4239 4309 4423 4080 4135 4175 4003 4230 4573 4220 3887 4197 4380 4306 4247 4451 4298 4298 4753 4000 4263 4339 4242 3950 4164 4849 4363 4140 4208 4209 4407 4570 4274 4456 3712 4303 3832 4484 4703 4370 4513 4403 4044 3866 4455 3986 4220 3990 4380 4059 4306 4105 4336 4395 4534 4433 4193 4176 4036 4469 4197 4651 4082 4200 4254 4128 4217 3923 4220 4089 4353 4387 4122 4195 4369 4391 3773 4252 4406 4430 4272 4002 3745 4369 4275 4292 4502 4009 3885 4598 4363 4500 4384 3885 4193 4346 4178 4065 3717 4081 4146 4277 4273 4278 3940 4357 4223 4429 4534 4091 4066 4150 4121 4173 4034 4491 4104 4258 4192 4432 4182 4093 4326 4201 4305 4024 4430 4370 4106 4870 3991 4211 3978 4850 4053 4126 4109 4196 4139 4359 4256 4326 4404 4309 3863 4218 4590 4630 4253 4521 4006 4122 4107 4304 4363 4097 4402 4573 4580 4165 4457 4326 3927 4022 4088 4419 4354 4290 3876 4156 4056 4295 3807 4099 4364 4066 3636 4276 3913 4476 4562 4087 3913 4297 4564 
4003 4335 3872 3871 4196 4286 4197 4263 3739 4097 3753 3873 4322 4119 3935 4397 4048 4379 3885 4024 3897 3865 4165 4336 4145 3714 4063 4413 4067 4167 4494 4144 4127 4545 3819 4098 4383 4072 4211 4151 4591 4560 4339 4067 3944 4288 4463 4211 4472 3716 4055 3682 4314 4536 4190 4236 4334 3836 3748 4377 3664 3944 4147 4399 3896 4166 3682 4348 3981 4450 4262 4145 3927 4266 4349 4045 4326 4134 4202 4295 4028 3920 3896 3971 4046 4003 4440 4200 3900 4522 4292 3713 4050 4533 4083 3963 4266 3787 4231 4343 4212 4436 3878 4049 4207 4159 4100 4127 3805 4067 4167 4217 3989 3818 3975 3995 4338 4087 4182 3826 4369 4097 4156 4377 3967 3730 3974 3870 4281 4156 4373 4304 4052 3888 4310 4028 4063 4095 4235 4370 4099 4305 4319 3638 4616 3958 4154 3816 4504 4000 3863 3673 4182 3969 4072 4433 4212 4370 4220 3991 4295 4230 4295 4250 4625 3883 3777 3997 4305 4372 4087 4194 4266 4491 4070 4215 4328 4114 3699 3849 4241 4198 4038 4171 4140 4163 4130 3525 4317 4023 4239 3854 4287 3818 4290 4099 4105 3900 4189 4172 
3770 3796 3697 3652 4101 3916 3687 4244 3829 3798 3654 3354 3903 4316 3603 4290 4019 4120 3768 4019 3812 3747 4124 4143 3979 3929 3754 4264 3985 4167 4079 3977 4134 4447 3634 3954 4194 4128 3918 3835 4294 4008 4171 3929 3957 4060 4168 4182 4265 3580 4043 3631 4047 4340 4001 4182 4143 3946 3691 4068 3588 3912 3770 4103 3873 4051 3921 4060 4167 4125 4128 4268 4043 3881 4029 3987 4047 3744 4057 4247 3929 3694 3953 3795 3715 4236 3954 3811 3999 4261 4137 3534 4057 4032 4030 3775 3731 3539 4132 4184 3949 4180 4092 3682 4227 3910 4109 3981 3791 4187 3963 4037 3824 3628 3698 3883 4058 3961 4079 3838 4274 3798 3825 4310 3807 3915 3883 3895 4468 3873 4262 3972 3982 3866 4199 3858 3916 3880 4211 3932 3876 4171 4243 3837 4519 3944 4188 3681 4407 3982 3716 3777 4121 3860 3900 4204 4199 4260 4187 3636 4030 4146 4079 3843 4267 3634 3677 3718 3983 4221 3881 4098 4259 4350 3977 4166 4201 3761 3697 3634 4042 4303 3825 3954 4045 3803 3885 3603 4110 4272 4203 3503 4312 3574 4344 4221 3822 3754 3899 4148 
4156 4378 4067 4093 4323 4044 4332 4140 3849 3923 3670 3909 4191 4193 4027 4461 4288 4259 3746 4100 3955 3981 4147 4295 4106 3917 3975 4315 4380 4337 4358 4135 4179 4276 4035 4040 4330 4050 4218 4073 4577 4275 4277 4321 3891 4275 4430 4390 4216 3757 3935 3923 4360 4349 4141 4363 4112 4089 4075 4472 3726 3862 3816 4204 4035 4159 3925 4234 4289 4253 4301 4108 4256 4250 4356 4024 4335 3934 4144 4163 4175 3999 3912 4150 4050 4213 4166 4244 4163 4435 4455 3911 4214 4239 4276 4180 4086 3585 4324 4149 4106 4241 3887 3768 4433 3906 4181 4289 3700 4099 4233 4169 4266 3782 4058 4063 4401 4154 4277 3925 4562 4315 4079 4328 3809 4198 4051 3899 4260 4162 4673 3942 4026 3829 4322 4057 4247 4096 4569 4403 4066 4243 4068 3950 4916 4117 4331 4106 4652 4247 3967 3892 4369 3928 4206 4305 4054 4480 4089 3809 4243 4223 4507 4157 4468 3971 3769 4057 4384 4325 3903 4433 4220 4323 4083 4190 4188 4200 3775 3857 4412 4292 4078 4096 4038 4035 4300 3797 4141 4352 4237 3659 4254 3727 4375 4255 3965 3932 3885 4205 
4116 4256 3780 3839 3979 4002 4008 4371 3740 3955 3567 3784 4027 4104 3890 4387 4059 4420 3572 3944 3880 3763 4042 4080 4039 3693 3922 4544 3933 4032 4007 4144 3946 4207 3972 3945 4087 4080 4106 4021 4497 4000 4289 4140 3879 4146 4225 4071 4258 3485 3745 3801 4161 4167 4047 4266 4212 3954 3762 4239 3774 3803 3768 4095 4247 4066 3747 4126 4096 4261 3910 3906 4114 4012 3996 3998 4069 3962 4053 4266 3983 3756 3752 3979 3842 4045 3750 3830 3901 4038 4009 3488 3998 4086 4201 3800 3903 3707 3895 4071 3786 4337 3879 3748 3917 3942 4016 3967 3769 4101 4061 3960 3680 3659 3709 3896 4183 3836 3980 3781 4300 4100 4046 4098 3751 3795 3583 3894 4290 3832 4401 4043 4092 3668 4187 4118 3989 3986 4024 4101 3982 4060 4038 3714 4413 3967 4169 3795 4093 3829 3700 3920 4002 3778 3963 4122 4071 4392 4230 3771 4039 4242 4136 3819 4410 3762 3605 3846 4390 4123 3733 4091 4030 4113 3994 4148 4104 3932 3806 3804 4220 3991 3822 3872 3777 3892 3982 3663 4067 3948 4018 3845 4048 3509 4002 4314 4112 3559 4138 4189 
4282 4375 3996 4332 4555 4376 4327 4389 4070 4285 3866 3923 4503 4512 4368 4773 4136 4515 4136 4350 4044 4021 4465 4385 4148 4170 4220 4628 4441 4393 4120 4451 4511 4763 4219 3983 4340 4353 4285 4272 4832 4564 4275 4343 4207 4338 4505 4520 4384 3950 4226 4259 4334 4717 4293 4782 4412 4238 3944 4547 4002 4061 4143 4415 4210 4469 4148 4534 4700 4250 4629 4328 4380 4388 4340 3976 4348 4164 4357 4518 4271 4031 4131 4192 4335 4481 4362 4138 4180 4451 4576 3992 4378 4550 4484 4179 4582 3759 4482 4415 4244 4463 4295 4001 4445 4219 4583 4696 3938 4394 4420 4351 4301 4041 4079 4494 4557 4414 4277 3975 4441 4334 4368 4417 4101 4305 4279 4135 4619 4054 4639 4177 4200 4073 4745 4124 4264 4628 4345 4484 4428 4307 4622 3945 4854 3936 4225 3959 4862 4390 4107 4077 4206 4095 4329 4461 4479 4620 4366 4192 4625 4543 4601 4229 4445 4030 3983 4190 4462 4727 4193 4591 4534 4729 4372 4380 4490 4184 4240 4121 4463 4142 4134 4182 4104 4092 4518 3803 4142 4279 4186 3811 4422 3751 4426 4563 4443 4134 4294 4504 
4075 4231 4002 3853 4479 4186 4257 4497 3684 4151 3616 3928 4345 4380 4210 4365 4319 4274 3765 4241 4088 3997 4562 4241 4412 3863 4316 4610 4358 4376 4024 4107 4326 4269 4310 4197 4454 4374 4200 3940 4702 4479 4466 4181 4089 4355 4402 4329 4703 3992 4145 3832 4474 4520 4358 4446 4364 4185 3893 4518 4043 4086 4212 4175 4089 4152 4169 4538 4523 4339 4410 4235 4221 3983 4382 4176 4254 3872 4313 4148 4058 4040 3999 4069 4227 4547 4367 4177 4345 4481 4459 3852 4435 4221 4397 4007 4005 3761 4529 4398 4223 4380 4243 4037 4504 4048 4250 4323 3947 4378 4252 4227 4171 3704 4269 4196 4431 4225 4118 4075 4438 4380 4358 4527 3857 4000 4131 3987 4708 4153 4672 4163 4409 4077 4697 4305 4062 4247 4289 4240 4186 4397 4576 4149 4778 4141 4407 3892 4633 4156 4279 4019 4222 4247 4164 4470 4343 4485 4322 4136 4357 4430 4520 4247 4542 3896 4106 4231 4472 4357 4038 4440 4225 4687 4242 4320 4435 3960 3889 4054 4445 4284 3974 4398 4112 4382 4541 3643 4108 4450 4404 3837 4186 3976 4415 4404 4350 3969 4363 4511 
3879 4221 3953 3836 4101 4333 3969 4296 3838 4015 3601 3891 4334 4107 3794 4380 4169 4291 3767 4114 3947 3749 4110 4392 4031 3943 4086 4278 4245 4022 4326 4024 4174 4278 3746 4104 4369 4092 3935 3885 4508 4145 4186 4116 4047 4527 4415 4046 4505 3613 4053 3889 4297 4479 4103 4192 4310 4108 3751 4302 3886 3854 3819 4130 4085 4085 4117 4324 4075 4108 4213 4074 3931 4084 4044 4188 4529 3977 4036 4278 3882 3859 3895 3939 3858 4171 4227 3685 4087 4510 4210 3857 3988 4419 4355 4101 3915 3777 4102 4121 4134 4051 3879 3671 4266 4005 3860 4057 3786 4209 3918 4017 4024 3738 3878 3959 4319 4161 4109 3946 4331 4290 4255 4345 4078 4030 4045 3966 4115 3900 4379 4076 4241 3915 4480 3963 4198 4199 4280 4233 4015 4139 3985 3915 4561 3811 4257 3878 4513 4064 4030 4023 4154 4090 4142 4331 4301 4305 4138 3854 4355 4158 4234 4212 4550 3631 4133 3839 4352 4237 3917 4142 4299 4446 4032 4378 4420 3850 3896 3855 4246 4234 3898 3992 4112 4102 4408 3532 4167 3957 4020 3493 4453 4083 4165 4446 4029 3796 4228 4378 
3932 4081 3565 3666 4182 4160 4144 4210 3444 3899 3585 3525 4009 4144 3743 4508 3974 4312 3640 3659 3862 3621 3937 4187 4068 3481 4070 4204 3937 3930 3939 3826 4134 4389 3863 3938 4229 4077 3757 3897 4218 4109 4199 4031 3923 4084 4116 4220 4098 3400 3851 3684 4093 4166 4064 4119 4200 3944 3684 4258 3656 3880 3903 4171 4032 3960 3805 4242 4369 4096 4402 4038 3930 3938 4166 3659 3919 3887 4115 3915 3886 3607 3745 3783 3906 3779 3906 3853 3926 3870 4170 3485 3852 4189 3881 3820 3878 3362 3986 3920 3998 4083 3544 3648 4136 3938 3818 4156 3671 4143 4028 3962 3775 3651 3750 3560 3913 4040 3753 3734 4239 3876 4124 4227 3592 3610 3738 3892 4166 3983 4286 3848 4009 3559 4461 3545 3959 4151 4004 4082 3849 3897 4073 3842 4565 3768 3851 3610 4360 3851 3841 3884 3881 3722 4013 4201 3802 3978 3993 3434 4320 4156 4136 4068 4239 3704 3798 3871 3976 3944 3804 4051 3854 4148 3962 3951 4162 3817 3700 3777 4205 3923 3832 3843 3984 3984 4337 3540 4045 4121 3984 3603 4120 3785 4011 4372 3961 3731 4119 4301 
3941 4112 3707 3569 3906 3919 3661 4058 3592 3643 3266 3627 3583 3927 3684 4233 4017 4206 3556 3837 3852 3628 3914 3977 3666 3503 3508 3997 4052 3980 3953 4056 3857 4116 3721 3700 4010 3689 3710 3757 4377 4014 4092 4005 3737 3981 4132 3947 3871 3197 3882 3640 4128 4049 3760 3923 3905 3845 3817 4079 3672 3556 3550 3905 3823 3947 3379 3894 3876 3863 3910 3863 3980 3828 4166 3946 3803 3782 3880 3664 3898 3670 3740 3866 3677 3988 3710 3828 3759 3904 4108 3421 4087 4015 4051 3730 3664 3491 3751 4002 3647 4065 3663 3411 3788 3736 4031 3844 3472 3838 3957 3822 3804 3486 3828 3666 4032 3629 3860 3673 4205 3792 3854 3878 3656 3692 3667 3610 3976 3940 4166 3932 3762 3602 4058 3841 3797 4118 4014 4049 3826 3907 3730 3477 4511 3615 3992 3508 3994 3669 3675 3577 3837 3634 3820 4091 3705 4144 4083 3480 4135 4159 3993 3797 4178 3585 3323 3805 4152 3944 3691 3825 3925 3959 4085 3858 3956 3827 3655 3807 3954 3919 3655 3717 3792 4002 3964 3509 3912 4052 3957 3452 3992 3690 4171 4096 3838 3721 3755 3989 
4263 4124 4162 4098 4417 4368 4445 4335 3871 4289 3944 3810 4492 4574 4351 4748 4235 4477 4025 4138 4069 4090 4180 4507 4426 4065 4191 4552 4539 4488 4139 4450 4381 4850 4069 4060 4517 4360 4237 4116 4775 4438 4448 4346 4170 4333 4401 4562 4445 3752 4493 4278 4584 4735 4223 4636 4654 4190 4114 4473 4115 4152 4342 4606 4190 4359 4141 4474 4531 4444 4629 4185 4466 4277 4610 4281 4442 4147 4418 4140 4360 4146 4092 4527 4188 4578 4485 4270 4310 4035 4554 4149 4237 4310 4316 4293 4159 3655 4681 4651 4413 4196 4119 3867 4510 4296 4440 4250 4101 4560 4092 4142 4373 4156 4216 4380 4343 4121 4601 4104 4591 4425 4438 4569 4111 4230 4196 4194 4781 4157 4802 4435 4479 4040 4793 4111 4354 4380 4861 4421 4331 4150 4455 4183 4842 3994 4363 4193 4681 4419 4012 3998 4384 4507 4277 4400 4313 4312 4415 4215 4509 4411 4649 4235 4543 4214 4073 4128 4473 4557 4178 4724 4616 4653 4460 4206 4600 4093 4130 4326 4305 4318 4049 4299 4178 4588 4631 4040 4076 4390 4279 3970 4642 4207 4722 5008 4380 4187 4502 4402 
4140 4283 3834 4031 4399 4180 4275 4238 3676 4126 3817 3895 4302 4282 3949 4808 4359 4390 3838 4032 4012 4005 4344 4340 4117 4088 4180 4564 4391 4127 4094 4176 4366 4233 4051 4344 4389 4205 4112 3833 4555 4317 4299 4475 4316 4521 4753 4449 4727 3846 4219 4147 4567 4515 4255 4289 4454 3976 3977 4296 3891 4125 4008 4302 4152 4199 4097 4736 4429 4265 4456 4159 4387 4078 4443 4120 4373 4122 4296 4292 4332 3857 4007 3994 3909 4391 3963 4043 4197 4529 4565 4059 4351 4450 4590 3850 4028 3858 3974 4453 4226 4214 3933 3889 4431 4182 4114 4138 4093 4317 4377 4113 4228 3831 4010 3906 4285 4041 4390 3984 4689 4258 4363 4491 3954 4023 4177 3986 4616 4064 4640 3864 4170 4078 4636 4069 4281 4305 4478 4439 3882 4223 4252 4066 5048 3962 4289 4017 4488 4069 4088 4089 4113 4196 4246 4553 4336 4441 4324 4098 4528 4236 4515 4269 4563 3886 3820 4122 4509 4352 3995 4109 4282 4497 4168 4194 4428 4125 3963 3906 4266 4164 4231 4077 4176 4272 4437 3792 4320 4211 4092 3870 4350 3849 4408 4790 4187 4190 4130 4489 
4170 4142 3678 3967 4268 3966 4160 4003 3664 4116 3659 3802 4066 4078 3927 4563 4041 4291 3708 3883 3907 4030 4298 4266 4009 3774 4038 4266 4178 4082 4054 4212 4027 4156 3744 4125 4196 4041 4161 3982 4353 4131 4265 4057 3899 4282 4321 4278 4162 3534 3916 3761 4328 4247 3998 4222 4243 3994 4027 4220 3587 4061 3926 4111 4080 4121 3956 4266 4257 4264 4039 4205 4212 4057 4255 4127 4180 4081 4426 4194 3862 3817 3854 4034 3678 4334 4100 4002 3932 4047 4382 3807 4439 4240 4076 3844 3744 3651 4176 4226 3836 4110 3986 3691 4284 3970 4097 4443 3767 4022 4109 4117 3891 3851 3990 4023 4252 3981 3968 3816 4364 4119 4085 4143 3699 3716 4040 3955 4409 4122 4587 3907 4111 3716 4389 4059 4194 3987 4241 4387 4110 4178 4165 3959 4824 3923 4027 3870 4512 4152 4064 3920 4090 4077 4252 4417 3919 4324 4038 3696 4056 4183 4548 4096 4357 3885 3677 3939 4380 4104 3891 4086 4202 4385 4136 4010 4152 3999 3697 3879 4351 4220 3928 4077 3962 3889 4162 3694 4081 4125 4128 3711 4195 3830 4379 4287 4188 3773 4017 4191 
3942 4122 3683 3950 4304 4008 4144 4208 3873 3894 3462 3525 4246 4320 4025 4676 4022 4391 3751 4021 4009 3875 4172 4243 4203 4053 3917 4334 3993 4054 4262 4248 4195 4467 4222 4118 4403 4111 4099 4051 4490 4251 4164 3970 4027 4071 4329 4560 4389 3573 4125 4032 4142 4362 3978 4409 4006 4102 3977 4472 3879 4062 4022 4180 3956 4134 3898 4211 4236 4244 4597 4246 4198 3938 4383 3993 4352 3971 4193 4286 4177 3839 3810 3886 4060 4000 4001 3996 4231 4138 4274 3627 4242 4387 4212 3931 3941 3575 4262 4492 4056 4177 3921 4113 4246 4156 4133 4232 3816 4135 3998 4099 4014 3781 3983 3912 4259 3907 4258 4004 4334 4249 4101 4175 3855 3648 3986 3895 4347 4068 4335 3937 4108 3981 4458 4284 4273 4120 4213 4272 3940 4029 4251 3864 4793 4126 4174 3777 4546 4029 4044 3981 4040 4148 4275 4314 4119 4176 4158 3879 4250 4263 4230 4269 4365 3918 3925 3999 4111 4323 3736 3905 4588 4469 4133 4282 4268 4177 3982 4073 4233 4145 4210 4332 4125 4014 4302 3844 4239 4290 4257 3986 4282 3839 4433 4426 4079 3895 3894 4380 
4217 4083 3955 4014 4265 4119 4261 4117 3790 3907 3440 3925 4149 4228 4028 4212 4018 4146 4142 3886 4038 3789 4183 4483 3971 4127 4047 4226 4171 4161 4226 4256 4478 4330 3602 4082 4241 4266 4094 4069 4532 4331 4220 4321 3973 4089 4369 4048 4438 3624 4030 4099 4419 4526 4249 4026 4222 3957 3920 4345 3634 3830 3836 4283 3964 4104 3996 4402 4271 4128 4248 4131 4053 4075 4380 4004 4229 4034 4101 4306 3851 4051 3941 3993 4085 4497 4245 4131 3950 4433 4225 3787 4192 4464 4374 4174 4000 3724 4249 4084 4020 4258 4035 3720 4156 4153 4265 4100 3814 4069 4102 3883 4022 3978 3904 3865 4373 3907 4124 3874 4357 4244 4212 4180 4260 3970 4009 4081 4248 4007 4352 4021 4065 4113 4518 4183 3988 4256 4364 4440 4157 4302 4223 3843 4707 3888 4071 3759 4682 4039 4008 4017 3910 3965 4244 4310 4083 4505 4187 3827 4209 4565 4503 4237 4515 3968 3804 4179 4332 4263 3866 4108 4504 4404 4129 4128 4135 4003 3730 3899 4305 4199 3971 4178 4144 4164 4054 3898 4330 4365 4239 3681 4461 3796 4266 4367 3939 3902 4119 3947 
4301 4269 3787 4244 4313 4196 4156 4325 3657 4020 3667 3843 4179 4363 3997 4698 4266 4194 3893 4053 3877 3698 4293 4281 4029 4037 4027 4265 4292 4173 4225 4284 4114 4265 3984 4204 4586 4182 4190 3903 4531 4114 4151 4323 4039 4308 4461 4525 4382 3616 4003 4099 4283 4385 4074 4310 4356 3910 3767 4209 3859 3887 3761 4172 3949 4052 4025 4408 4412 4187 4326 4136 4183 4106 4166 3843 4204 4021 4200 4240 4017 3934 4003 4165 4218 4209 4080 3862 4052 4158 4151 3985 4036 4323 4400 3876 4251 3769 3926 4388 4092 4313 3934 3835 4312 4005 4155 4351 3853 4294 4160 4067 4055 3887 3826 3836 4159 4168 4195 3940 4444 4217 4156 4338 3917 4148 3799 3816 4279 4062 4272 4212 4163 3996 4597 3950 4092 4268 4207 4298 4008 4133 4316 4165 4818 3970 4317 3953 4452 4135 3942 3978 4267 3873 3990 4551 4228 4240 4222 3872 4224 4412 4511 4057 4686 3730 3658 3876 4263 4290 3855 4384 4315 4393 4131 4130 4297 4002 3796 3920 4234 4260 3870 4121 4055 4018 4418 3704 4310 4196 4162 3858 4452 3901 4400 4570 4183 3903 4196 4252 
3925 3956 3540 3845 4319 3858 3940 4318 3668 3834 3551 3800 4049 4094 3986 4230 3962 4242 3966 3899 3835 3899 4060 4285 3889 3791 3789 4033 3948 4105 4067 4090 4048 4153 3695 3920 3988 3897 4215 3824 4460 4045 3928 3819 4078 3996 4321 4047 4065 3677 3926 3921 4410 4299 3987 4176 4204 3728 3502 4202 3719 3935 3647 3949 3671 3847 3767 4255 4176 4031 4113 3996 3854 3959 4107 4158 3999 3731 4048 4158 3768 3852 3706 3849 3956 4087 4060 3719 3745 4079 4017 3459 4211 4181 4233 3860 3882 3653 3934 4080 3914 4255 3771 3547 4156 4004 4010 4089 3742 3839 4201 3870 3934 3578 3616 3726 4000 3791 4010 3871 4252 3955 3829 4112 3658 3724 3763 4057 4386 3918 4171 3832 4078 3766 4328 3897 3896 4084 3925 3925 3857 3855 4247 3755 4455 3835 3803 3764 4372 3774 3587 3811 3739 3704 3995 4179 3894 4372 4072 3749 4106 4261 4309 4062 4466 3479 3695 3791 3995 3922 3464 4133 4080 4115 3808 4229 4240 3646 3866 3689 4109 4162 3743 3790 3928 3782 3965 3559 3956 3966 3993 3489 3910 3695 4039 4182 4077 3781 4191 4093 
3944 4067 3660 3620 4340 3733 3915 4059 3484 3667 3504 3697 3905 3955 3785 4069 4203 4309 3989 3715 3856 3930 4174 4220 4006 3550 3678 4225 3884 4022 3834 4188 3917 4166 3721 3835 4062 4075 3817 3727 4253 4192 4118 3647 3770 4127 4137 4200 3887 3547 3960 3393 4240 4209 3905 4156 4254 3899 3676 4306 3759 3684 3890 4076 3735 4089 3552 4088 4139 4078 3879 3792 4082 3952 4008 3765 4182 3850 4037 3958 3875 3687 3773 4014 3731 4113 3917 3822 3597 3955 4110 3591 4099 4188 4043 3904 3616 3465 3968 4143 3847 4113 4067 3556 4158 3854 3918 3990 3625 3951 3890 3955 3859 3691 3905 3882 4178 3942 4077 3752 4348 4166 4050 4039 3731 3678 3606 3928 4098 3783 4113 4035 4153 3902 4516 3693 3802 3946 4123 4128 3886 4098 4054 3825 4407 3820 4166 3697 4155 3739 3859 3732 4026 3926 3915 4004 4002 4156 4128 3528 4178 4283 4257 3972 4229 3661 3550 4033 3987 4000 3890 4183 4297 4179 3880 3818 4086 3814 3653 3595 4090 4216 3610 3916 3870 4098 4185 3617 3908 3826 4087 3316 4119 3668 4118 4136 3802 3663 3828 4149 
4281 4368 3781 4100 4360 4367 4267 4240 3818 3919 3754 3799 4570 4249 4039 4734 4222 4366 3999 4103 4274 4024 4375 4454 4092 3937 4292 4690 4493 4169 4420 4300 4487 4643 3865 4277 4531 4315 4305 4159 4962 4442 4431 4339 4252 4515 4656 4321 4592 3702 4151 4015 4563 4730 4438 4578 4493 4089 3982 4368 3974 4107 3933 4731 3950 4312 4014 4494 4511 4436 4294 4457 4450 4280 4433 4176 4564 4142 4370 4385 4071 4145 4278 4259 4106 4450 4469 4201 4025 4293 4332 4150 4290 4459 4402 4072 3971 3929 4399 4572 4145 4371 4032 4103 4417 4533 4300 4526 3863 4371 4217 4313 4372 3963 3969 4088 4304 4203 4532 4159 4589 4329 4501 4409 4078 4056 4236 4205 4442 3991 4652 4091 4377 3803 4467 4237 4139 4274 4512 4370 4174 4347 4509 4050 5071 3912 4375 3918 4786 4195 4088 4152 4330 4239 4122 4310 4367 4499 4443 4020 4231 4463 4400 4435 4410 4029 4214 4140 4476 4635 4223 4411 4375 4661 4427 4226 4458 4203 3754 4078 4302 4534 4169 4241 4314 4075 4351 3802 4077 4298 4060 3735 4405 3963 4611 4796 4327 4001 4288 4480 
3749 3957 3702 3443 3873 4033 3844 4099 3645 3777 3295 3438 4069 3812 3771 4372 4058 4229 3663 3894 3951 3731 3871 4139 3920 3481 3756 4228 3859 3716 3926 3853 4076 4145 3949 3936 4079 4073 3944 3578 4167 4084 4050 3869 3819 3770 4307 3974 3991 3704 3697 3686 4155 4234 3920 4002 3965 3623 3412 4116 3832 3697 3737 4022 3712 3891 3702 4196 3920 3943 4063 3906 3918 3959 3990 3757 4059 3768 3841 3961 3849 3622 3606 3601 3524 4039 3744 3592 3907 4079 4111 3802 3838 4172 4076 3916 3804 3335 3794 4102 3926 4156 3826 3600 4038 3744 3700 3925 3652 4129 3907 3859 3814 3523 3659 3752 4085 3805 4165 3551 4054 4044 3799 4074 3782 3882 3645 3854 4039 3782 4264 4048 3993 3479 4100 3941 3908 4104 4005 3905 3841 3958 3919 3599 4731 3927 4085 3559 4176 4038 3642 3582 3685 3788 3954 3955 4005 4074 3721 3671 4393 3900 4142 3874 4230 3468 3557 3720 4194 4131 3890 3988 4100 4161 3952 3926 3904 3853 3341 3570 4052 3978 3667 3905 3725 3856 4047 3461 4021 3957 3935 3411 4112 3546 4037 4110 3759 3710 3716 4058 
4086 4132 3875 3666 4318 3970 4251 4191 3594 4002 3393 3700 4150 4060 3933 4543 4352 4318 3975 3696 4473 4005 4132 4218 4100 3847 3994 4396 4022 4084 4057 4101 4269 4501 4259 3933 4111 4095 4158 4152 4504 4148 4273 4085 4054 4230 4196 4107 4293 3603 4192 3770 4415 4620 4177 3993 4440 3875 3764 4545 3873 4016 3954 4189 3867 4060 3838 4186 4219 4175 4210 4204 4103 3848 4368 3982 4187 3989 4100 4092 4065 3831 3922 3806 4040 4308 4101 3793 4031 4299 4347 4043 3958 4267 4113 3959 3963 3629 3970 4213 4212 4234 3971 3738 4308 3971 4164 3955 3991 4392 4148 4186 4058 3690 3725 3973 4257 4125 4298 4000 4494 4112 4138 4141 3844 3840 3900 4011 4339 3990 4376 3887 4039 3980 4494 4087 3974 4406 4219 3886 4008 4129 4408 4099 4755 3900 4000 3668 4577 3983 3797 3670 4159 4037 4173 4365 4097 4639 4112 3650 4439 4177 4399 4009 4422 3862 3829 4034 4301 4430 3915 4057 4006 4266 4261 4121 4317 3818 3647 4037 4173 4399 3861 4067 4153 4282 4362 3750 4064 4275 4171 3581 4331 3632 4091 4415 4057 3707 4157 4345 
3847 4102 3982 3797 4327 4129 4144 4429 3878 4130 3603 3848 4170 4047 4096 4377 4203 4450 3842 4264 3973 3931 4307 4206 4177 3807 4032 4528 4262 4226 4185 4239 4296 4531 3839 4128 4352 4293 4228 4077 4523 4455 4268 4095 3836 4321 4631 4120 4313 3892 3942 3806 4101 4249 4194 4227 4140 4023 3596 4433 3919 4176 4133 4192 3965 4124 3920 4334 4298 4249 4153 4122 4037 3975 4205 4074 4424 4216 4047 4283 4023 3865 3805 3942 3890 4080 4084 3851 4083 4631 4341 3687 4208 4331 4134 4237 4174 3688 4291 4267 3942 4334 4002 3843 4208 3927 4195 4040 3749 4089 4221 4073 4059 3549 4031 3889 4398 4302 4043 3962 4543 4141 4215 4378 3946 3997 3843 3923 4199 4121 4500 4225 4411 4155 4419 3952 3820 4183 4223 4388 4222 4195 4114 3857 4598 3867 4040 3670 4519 4217 3999 3481 4101 3888 4214 4220 4393 4364 4324 3753 4220 4373 4276 4175 4451 3697 3904 4158 3949 4387 4014 4171 4345 4663 3855 4301 4165 3843 3703 3872 4281 4127 3984 4085 4152 4220 4484 3556 4064 4187 4183 3597 4050 3980 4236 4181 4065 3777 4172 4324 
3994 4097 4073 3989 4110 3971 4013 4156 3956 3708 3443 3618 4129 3973 3816 4466 3906 4337 3748 3845 4000 3694 4197 4380 4199 3801 3904 4269 3965 4165 4042 4264 3967 4402 4101 4042 4164 4168 4137 3865 4309 4280 4456 3920 3831 4200 4464 4189 3992 3760 4017 3920 4321 4154 4115 4102 4242 3864 3761 4320 3667 3807 3817 4301 3989 4124 3787 4357 4103 4189 4222 4274 4052 4031 4288 3994 4264 3908 4090 4115 3952 3993 3866 3749 3742 4146 4195 3930 3785 4120 4175 3716 4142 4362 4081 3956 3911 3807 4074 4292 3992 4022 3867 3791 4109 3934 4152 4142 3809 4055 4150 4079 3968 3895 3931 3673 4233 3677 4125 3839 4325 4077 4046 4299 3840 3780 4078 3897 4222 3896 4310 3855 4164 3980 4351 3957 4233 4048 4398 4092 3990 4250 4063 3750 4741 3794 4112 3842 4401 3946 3856 3716 3964 4000 4408 4221 4049 4172 4381 3741 4404 4170 4460 4134 4440 3782 3716 3950 4309 4269 3880 4262 4330 4241 3905 4021 4129 3946 3790 3953 4028 4308 3742 3985 3726 4154 4182 3842 3925 4150 4071 3824 4197 3603 4317 4245 4016 3827 3984 4208 
4060 4114 3828 3805 4268 4203 3994 4477 3906 3814 3600 3795 3996 4360 3916 4449 4388 4389 3889 4154 4226 4077 4170 4295 4116 3808 3897 4481 4124 4307 4038 4341 4270 4491 4020 4103 4383 4114 4045 4154 4489 4047 4278 3822 3959 4175 4431 4377 4335 3746 4132 3958 4155 4413 4074 4200 4340 4036 3938 4220 3859 3964 3806 4317 4032 4190 4013 4240 4270 4175 4304 4321 4293 4086 4258 4194 4342 3937 4141 4000 4097 3993 4113 3879 4019 4342 3980 3952 4029 4577 4227 3797 4213 4452 4105 3990 3825 3864 4083 4120 4228 4236 3921 3677 4354 3877 4126 4212 3985 4106 4146 3963 4155 3748 3842 3931 4222 4114 4295 3851 4446 4317 4091 4394 3856 4035 3976 3876 4527 3922 4170 4129 4091 4021 4331 4085 4225 4028 4305 4052 4124 4183 4184 3951 4704 4175 4201 3903 4305 4095 3817 3758 4221 3953 4121 4386 4211 4343 4314 3801 4438 4352 4423 3939 4428 3740 3687 4129 4263 4237 3840 4074 4472 4362 4007 4291 4110 4008 3901 3846 4410 4081 3971 4249 3872 3963 4353 3799 4156 4186 4251 3724 4255 3988 4516 4601 4097 3703 4054 4270 
3785 4152 3811 3756 4143 3834 3814 4027 3759 3688 3208 3543 3850 4115 3986 4384 3933 3963 3629 3936 3844 3681 3951 4121 4032 3835 4119 4105 4218 4169 3923 4118 3922 3995 3995 3877 4100 3960 4121 3879 4280 4205 4213 4077 3946 4042 3940 4251 4133 3749 3908 3683 4084 4215 4111 4148 4200 3609 3701 4109 3691 3762 3836 4012 3829 3776 3814 4245 4141 4225 4004 3906 4019 3903 4254 3748 3844 3672 3760 3938 3904 3878 3632 3522 3845 4022 4035 4094 3954 4081 4348 3679 4096 4069 4089 3788 3939 3494 3921 4167 4230 3932 3753 3635 4145 3824 4001 4111 3846 4194 4072 3903 3923 3773 3651 3773 4083 3889 3913 3659 4236 4062 3893 4282 3648 3648 3762 3692 4252 3824 4328 3798 3882 3826 4055 4046 3750 4052 4010 4020 3958 4027 4096 3608 4605 3667 4179 3817 4157 3924 3804 3668 3893 3881 3937 4287 4016 4121 3938 3948 4107 4157 4200 3902 4300 3729 3544 3785 4336 4201 3530 4156 4095 4239 3702 4001 4026 3890 3472 3856 4090 4130 3827 3925 3709 3979 3980 3485 3847 4247 3811 3768 3945 3903 4204 4112 3985 3666 4122 4263 
3783 4118 3615 3566 3851 4023 3942 3965 3609 3721 3466 3597 3941 3770 3788 4309 3782 4235 3636 3650 3823 3595 4010 4225 3644 3737 3774 4053 4006 3828 3985 4053 3803 4220 3593 3979 3820 3857 3956 3722 4389 4163 3795 3762 3861 3981 4355 4033 4158 3410 3939 3550 4030 4040 3840 4149 4108 3647 3506 4067 3460 3513 3768 4153 3667 3997 3518 4071 4003 4170 3904 4046 3704 3826 4209 3977 4235 3731 3878 4007 3785 3757 3665 3815 3751 4038 3799 3748 3849 4072 4274 3605 3983 4251 4113 3811 3604 3626 3833 4080 3653 4113 3913 3697 4189 4042 4012 3850 3654 3745 3925 4026 3715 3586 3439 3808 4032 3874 4075 3735 4184 3909 4060 4046 3760 3604 3808 3675 4062 3806 4262 3777 3921 3870 4103 3658 3695 3987 4044 3914 4066 3876 3859 3492 4548 3653 3996 3559 4145 3879 3806 3684 3834 3605 3892 4162 4155 4341 4259 3638 4114 4055 4202 4034 4258 3555 3585 3832 3968 4240 3815 3888 3940 4210 3848 4180 4184 3784 3557 3562 4097 4025 3632 3922 3729 3907 3958 3493 4037 3709 3853 3558 3955 3655 4189 4201 3927 3636 3826 3926 
3905 3832 3789 3824 4280 4145 4068 4077 3886 3930 3564 3285 3980 3950 4065 4388 4125 4377 3642 3972 3849 3730 4083 4209 3859 3820 3798 4194 3996 4027 3961 3997 4232 4337 3631 3810 4169 3932 4012 4016 4435 4168 4103 4113 3690 3965 4190 4246 4084 3628 4026 3746 4239 4414 3844 4148 4277 4053 3769 4279 3686 3738 3869 4118 3905 4002 3863 4202 4230 4106 4375 4103 4078 3981 4018 3778 4110 3685 3988 4051 4099 3981 3670 3983 3735 4074 4063 4041 3986 4232 4102 3724 4144 4391 3942 4046 4143 3741 3983 4022 3982 4141 4013 3770 4181 3956 4064 4107 3828 4063 3941 3755 4000 3584 4053 3905 4258 4071 4252 3724 4469 4100 4022 4250 3758 4028 3958 3670 4200 3951 4368 3957 4047 3919 4389 3973 4078 4045 4098 4313 4185 4007 4277 3900 4637 3862 4270 3937 4392 3938 3792 3912 4026 3923 4183 4038 3933 4271 4095 3647 4222 4162 4252 3888 4423 3799 3705 3863 4140 4243 3972 4382 4384 4131 4075 3987 3981 3843 3510 3814 4172 4042 3803 3906 4033 3951 4327 3667 4230 4050 4037 3575 4242 3659 4298 4184 3726 3715 3842 4310 
3569 3856 3246 3471 3740 3871 3735 3818 3377 3641 3308 3346 3839 3631 3759 3935 3830 3894 3523 3774 3746 3502 3827 3982 3849 3571 3579 3848 3756 3644 3671 3650 3781 3952 3661 3733 3868 3581 3671 3520 4207 3912 3851 3700 3590 3697 3873 3823 3951 3472 3688 3320 3921 4109 3672 3734 3823 3338 3264 3992 3536 3389 3486 3751 3561 3532 3498 4094 3670 3852 3895 3617 3558 3687 3878 3708 3790 3659 3464 3951 3625 3569 3304 3718 3660 3698 3674 3756 3538 3847 3906 3412 3688 3909 3644 3574 3630 3353 3468 3867 3770 3813 3532 3470 3968 3676 3721 3698 3566 3675 3534 3603 3746 3291 3695 3645 3896 3654 3828 3672 4042 3683 3666 3771 3584 3486 3537 3544 3868 3549 3957 3733 3651 3611 4055 3623 3525 3753 3685 3754 3627 3883 3868 3563 4264 3621 3701 3472 3918 3714 3427 3467 3579 3448 3475 3967 3795 3958 3749 3379 3739 4219 3820 3741 4141 3469 3261 3869 3669 3983 3538 3757 3641 3956 3780 3645 3710 3471 3163 3463 3745 3593 3398 3721 3713 3765 3870 3305 3663 3563 3788 3251 3773 3491 3690 3892 3567 3333 3580 3748 
3830 3988 3586 3758 4077 3868 3870 3796 3590 3550 3380 3434 3911 3804 3666 4024 3850 3937 3561 3524 3852 3646 3855 3870 3812 3599 3792 4049 3856 3984 3810 3949 3945 3906 3603 3629 3807 3833 3628 3644 4306 4107 3628 4036 3792 3851 4067 3899 4000 3337 3644 3563 4056 4170 3966 3965 4057 3671 3489 4050 3465 3856 3800 3915 3730 3780 3456 4094 4025 3812 3910 3756 3836 3688 4002 3447 3972 3698 3632 4126 3809 3571 3530 3801 3726 3745 3907 3705 3787 3963 4158 3511 3861 3901 4217 3808 3858 3354 3957 4040 3584 4004 3596 3581 3829 4011 4028 4093 3554 3878 3897 3576 3907 3549 3606 3609 4053 3818 3980 3595 4210 3868 3903 3982 3581 3686 3776 3775 3949 3665 4357 3582 3866 3850 4153 3771 3677 4105 4071 3887 3678 3753 3971 3710 4479 3601 3789 3590 4223 3690 3776 3496 3803 3596 3646 3884 3865 4311 3935 3772 3895 4052 4163 3924 4147 3509 3636 3632 4003 4024 3758 3754 3991 4136 3733 3859 3982 3795 3493 3677 4105 3877 3750 3643 3749 3820 3791 3480 3814 3688 3668 3257 3974 3597 4064 4079 3716 3534 3831 4045 
4451 4396 4169 4347 4741 4337 4338 4496 3833 4095 3865 4345 4284 4429 4239 4508 4287 4361 4183 4360 4066 4010 4428 4448 4451 4194 4129 4498 4549 4390 4583 4312 4447 4604 4117 4147 4192 4283 4201 4045 4782 4607 4386 4616 4605 4395 4575 4428 4402 3726 4201 4250 4535 4606 4648 4788 4529 4284 4081 4761 3753 4221 4215 4539 4115 4464 4063 4588 4529 4720 4711 4352 4288 4471 4687 4226 4472 4116 4559 4390 4126 4034 4041 4384 4237 4421 4509 4379 4184 4550 4458 3857 4452 4622 4640 4391 4286 3740 4848 4705 4079 4521 4229 4289 4455 4337 4530 4395 3960 4318 4246 4144 4391 3727 4307 3837 4542 4306 4275 4030 4629 4435 4260 4497 4153 4242 4160 4382 4648 4462 4781 4233 4662 4083 4687 4364 4426 4636 4429 4695 4041 4345 4440 4166 5035 4065 4545 4218 4920 4085 4457 4136 4440 4274 4469 4555 4328 4616 4320 3990 4354 4267 4604 4485 4517 4024 4263 4290 4433 4478 4205 4429 4724 4935 4207 4260 4448 4247 4122 4114 4402 4361 4306 4276 4244 4392 4465 4015 4409 4509 4310 3732 4616 4091 4579 4342 4274 4445 4218 4331 
4156 4277 3848 3914 4282 4206 4137 4231 3479 3707 3526 3954 4003 4416 4024 4534 4225 4205 3820 3998 4030 3943 4144 4123 4101 3812 3906 4414 4165 4225 4296 4140 4196 4331 3890 4071 4684 4057 4094 4034 4446 4128 4286 4128 3963 4148 4273 4117 4489 3581 4183 3733 4342 4431 4362 4320 4090 4057 3981 4376 3895 3801 3771 4167 3804 4140 4157 4186 4288 4308 4263 4136 4204 4162 4505 3851 4261 3912 4271 4198 4010 3987 4111 4018 4135 4276 4195 4065 4163 4258 4345 3902 4081 4253 4355 3775 4091 3513 4057 4237 4002 4395 4047 3702 4104 4085 3901 4236 3816 4163 4179 4113 4110 4118 4002 3906 4145 4128 4150 3807 4429 4196 4323 4217 3772 3955 3843 3978 4441 4164 4226 3964 3928 4044 4358 4009 4272 4128 4427 4249 3981 4337 4321 4008 4592 4052 4279 3922 4439 4100 3890 3778 4307 3966 3943 4346 4217 4566 4046 3918 4229 4297 4330 4212 4417 3628 3890 3788 4074 4125 3696 4168 4112 4257 4135 4164 4246 4075 3934 3954 4431 4091 3893 4104 4075 4091 4255 3562 4082 4218 4269 3584 4162 3852 4394 4621 4033 3971 4215 4377 
4183 4152 4055 4435 4424 4193 4373 4451 3893 4418 3741 3844 4560 4468 4459 4801 4175 4543 4004 4365 4000 4107 4320 4557 4387 4218 4197 4572 4607 4435 4289 4550 4483 4702 4393 4252 4593 4387 4530 3958 4884 4687 4392 4417 4205 4709 4720 4576 4509 4125 4469 4161 4533 4530 4319 4715 4632 4068 4015 4442 4150 4127 4207 4309 3888 4273 4069 4555 4764 4563 4401 4313 4296 4115 4590 4271 4471 4114 4316 4313 4316 4023 4285 4424 4463 4491 4415 4252 4294 4553 4573 3800 4381 4591 4512 4378 4291 3811 4701 4741 4348 4477 4202 4147 4418 4434 4467 4536 4023 4188 4321 4454 4355 4177 4212 4335 4432 4510 4286 4074 4616 4441 4723 4496 4040 4266 4303 3955 4603 4206 4733 4397 4476 4097 4419 4351 4129 4305 4492 4528 4423 4444 4608 3982 4830 4424 4313 4164 4763 4195 4287 3999 4425 4091 4130 4506 4639 4510 4570 4082 4584 4541 4930 4596 4717 3828 4242 4290 4600 4558 4217 4677 4431 4781 4264 4537 4428 4327 4122 4203 4545 4279 4194 4541 4213 4446 4542 3863 4353 4285 4377 3667 4491 3934 4519 4781 4203 4124 4431 4606 
4099 4192 3686 3949 4265 3975 4140 4156 3923 3929 3579 3707 4169 4202 4010 4730 4303 4374 3957 3936 4114 4022 3985 4218 4063 3934 4200 4681 4222 4050 4135 4222 4200 4576 4103 4037 4413 4277 4101 4257 4489 4445 4278 4369 4171 4246 4553 4250 4377 3778 3902 3924 4272 4454 4279 4352 4201 4109 3756 4335 3896 4047 3968 4248 4010 3969 4167 4541 4406 4293 4276 4278 4139 4022 4290 4095 4423 4229 4088 4387 4262 3870 3894 3801 4083 4065 4024 3951 4131 4349 4343 3891 4063 4385 4289 3903 3958 3839 4097 4067 4178 4164 4155 3920 4268 4231 4030 4378 3678 4311 4365 4089 3982 3806 3775 4257 4353 4203 4057 3920 4485 4243 4304 4307 3806 3910 3886 4136 4386 4129 4423 3893 4203 4050 4546 4102 4115 4188 4466 4538 4138 4252 4400 4007 4774 3910 4230 3836 4669 3869 4146 3970 4118 4024 4144 4374 4019 4460 4122 3926 4329 4414 4492 4183 4546 3712 3906 4189 4264 4152 3616 4267 4226 4470 4037 4203 4423 3863 3754 4061 4345 4336 4029 4151 3926 4009 4489 3803 4324 4227 4129 3680 4256 3968 4150 4336 4009 3880 4212 4474 
3869 4050 3739 3784 4250 3949 4041 4011 3867 3989 3353 3703 4009 4244 3940 4458 4078 4471 3735 4046 4066 3883 4352 4030 4263 4069 3699 4204 4010 4212 4054 4129 3957 4185 3637 3906 4255 4162 4155 4126 4347 4198 4186 4054 3905 4225 4346 4263 4226 3446 4034 3804 4282 4470 4023 4241 4097 4027 3970 4158 3797 4036 3986 4219 3900 3949 3701 4184 4116 4195 4140 4048 4180 4061 4169 3916 4209 3938 4012 4148 3940 3874 3736 3995 4057 4280 3849 3992 4045 4310 4316 3592 4179 4310 4093 4031 4055 3725 3985 4280 4196 4144 3888 3772 3976 3984 4107 3838 3919 4064 4061 3999 4080 3771 3816 4072 4191 3923 4004 3590 4553 4043 3969 4158 4031 3842 3746 3845 4380 3985 4403 3841 4076 3912 4539 3897 4084 4062 4225 4236 4121 4045 4088 3568 4578 3973 4071 3769 4232 4036 3876 3844 3987 3958 4036 4419 4014 4241 3992 3772 4320 4223 4288 3991 4460 3870 3850 4064 4223 4424 3983 4214 4294 4210 3989 3987 4326 3934 3811 3848 4095 4095 3978 3990 3901 4256 4191 3554 4015 4017 3961 3908 4349 3629 4168 4230 4086 3843 3978 4239 
4017 4087 3697 3839 4287 3957 3948 4088 3628 3786 3337 3483 3935 4053 3915 4332 4067 3962 3875 3894 3841 3761 4121 4212 4001 3813 4008 4251 4132 4161 3962 4063 4216 4436 3979 3809 3973 4095 3896 3851 4565 4135 4206 3891 4020 4078 4182 4085 4253 3470 4054 3982 4340 4218 3809 4199 3981 3908 3978 4278 3769 3819 3767 4323 4022 3950 3659 4115 4185 4062 4289 4169 4028 3854 4305 3996 4237 3710 4065 4089 3997 3613 4101 3874 3960 3888 4001 3646 4101 3905 4141 3741 4011 3925 4226 3773 4006 3618 4047 4006 4002 4070 3829 3767 4030 4049 4084 4114 3607 4214 4037 3965 3793 3729 3678 3920 4280 3670 4180 3776 4245 3971 4280 4412 3739 3681 3953 3737 4230 3821 4293 3872 4027 3777 4381 4006 3903 4201 4198 3872 3936 3967 4151 3858 4541 3613 4155 3764 4317 4013 3785 3662 4111 4000 3898 4060 3970 4310 4107 3751 4083 4187 4131 3912 4281 3610 3803 3816 4090 4152 3915 4076 4155 4371 3903 4251 4046 3937 3706 3476 4312 4168 3918 3925 3892 3939 4105 3671 3976 4220 4092 3495 4049 3531 4278 4258 3940 3917 3823 4230 
4243 4326 4054 3782 4370 4013 4169 4272 3801 4120 3505 3854 4382 4357 4088 4607 4206 4123 3984 4138 4056 3840 4248 4387 4101 4003 4126 4458 4388 4271 4266 4180 4236 4570 4153 4023 4441 4363 4209 4095 4536 4499 4229 4179 4214 4248 4359 4175 4517 3602 4176 4116 4583 4548 4216 4566 4078 4097 3967 4401 4000 3959 4021 4253 4001 4141 3946 4331 4148 4367 4612 4203 4129 4297 4509 4018 4321 3919 4323 4301 4050 3899 4182 4098 4298 4329 4201 3942 4290 4237 4455 3800 4231 4540 4310 3947 4077 3731 4187 4308 4176 4369 4037 4072 4282 4012 4409 4166 3688 4192 4342 4199 4238 3742 4023 3971 4313 4265 4204 3878 4365 4271 4416 4302 3944 3874 4148 3895 4589 4142 4617 4277 4293 4067 4642 4114 4055 4493 4467 4392 4347 4293 4371 3788 4929 3935 4270 3896 4399 4145 4028 3952 4226 4022 4154 4512 4218 4630 4190 4114 4318 4433 4398 4292 4459 3894 3778 4058 4434 4214 3905 4298 4383 4693 4338 4514 4377 4007 3915 3794 4374 4308 4007 4534 4112 4279 4301 3591 4180 4384 4320 3982 4389 3760 4226 4500 3965 4087 4318 4354 
4574 4393 4088 4235 4720 4446 4321 4553 4073 4158 3896 4054 4470 4237 4411 4783 4149 4786 3994 4413 4149 4347 4635 4526 4357 4117 4072 4618 4433 4484 4321 4482 4302 4859 4290 4191 4553 4462 4264 4224 4942 4654 4481 4262 4342 4373 4759 4547 4417 3960 4346 4142 4305 4510 4321 4690 4488 4397 4109 4792 3948 4236 4034 4525 4235 4449 4088 4255 4447 4470 4373 4325 4484 4266 4609 4188 4483 4371 4322 4400 4247 4102 4028 4235 4072 4297 4272 4176 4393 4586 4709 3983 4490 4441 4437 4266 4250 4056 4675 4414 4320 4550 4242 4012 4425 4226 4537 4542 4029 4347 4531 4233 4335 3731 4191 4163 4447 4429 4443 3991 4673 4397 4354 4483 4166 4136 4173 4182 4837 4379 4691 4328 4421 4213 4889 4470 4684 4491 4449 4402 4433 4408 4367 4189 4943 4260 4492 4180 4681 4296 4296 3919 4574 4142 4308 4562 4428 4731 4534 4023 4706 4586 4571 4296 4567 3879 3945 4240 4561 4450 4121 4513 4636 4887 4356 4522 4498 4300 4084 4125 4616 4592 4074 4094 4063 4414 4544 3833 4255 4687 4420 4050 4528 4018 4629 4749 4334 3951 4117 4498 
3978 4040 3961 3958 4365 3888 4078 4301 3884 3995 3444 3729 4193 3996 3839 4397 3985 4138 3646 4058 4106 3849 4152 4159 4023 3903 3760 4348 4180 4049 4105 4083 4268 4228 3972 3950 4131 3988 4045 4060 4526 4089 4160 4157 4091 4126 4371 4219 4069 3614 3766 3667 4134 4234 4211 4188 4206 3962 3729 4278 3782 3950 3820 3832 3799 3947 3868 4386 4219 4171 4251 3988 3963 4158 4138 3865 4326 3853 4055 4061 4024 3958 3635 4081 3834 4041 3818 3937 3901 4260 4099 3705 4226 4185 4079 4055 4025 3672 3990 4086 3996 4076 3956 3675 4211 3966 4126 3958 3879 4236 4155 4168 4172 3703 4156 3889 4119 3974 4101 3794 4300 4136 4174 4025 3555 3942 4182 3773 4352 3895 4286 3924 3975 3829 4466 4130 4106 4128 4158 4160 4077 3990 4089 3950 4486 4047 4427 3845 4370 3925 3948 3824 4040 3795 4163 4182 4267 4403 4127 3629 4361 4232 4413 3959 4417 3659 3865 4032 4032 4234 3773 4363 4184 4134 3916 4010 4227 3883 3716 3920 4189 4065 3912 3879 3844 3940 4238 3686 4083 4151 3836 3463 4308 3740 4084 4241 3742 3733 4025 4252 
3964 4151 3850 3853 4205 4264 4294 3997 3716 3985 3649 3822 4194 4177 4247 4537 4152 4354 3764 3996 3899 3917 4099 4428 4082 3811 3960 4454 3975 4054 4268 4109 4268 4438 3787 3947 4406 4154 4169 4069 4272 4205 4243 4144 3965 4079 4315 4085 4132 3714 4179 3985 4667 4611 4276 4256 4228 3942 3901 4386 4005 3914 3538 4328 3711 4005 3994 4505 4195 3994 4577 4014 4133 4296 4438 4189 4161 3889 4454 4092 4105 3925 3872 3982 4038 4150 4125 4171 3877 4000 4332 3566 4227 4514 4128 3828 3805 3731 4217 4142 4319 4113 3944 3716 4376 4239 4134 4387 3848 4065 4190 4239 3925 3977 3883 4109 4316 3911 3961 3914 4368 4257 4001 4234 3852 3665 4058 3928 4570 3980 4279 3948 4031 3854 4648 4169 4318 4185 4263 4295 4007 4221 4253 3996 4965 3999 4087 3875 4474 3867 3622 4037 3934 4053 4226 4117 3935 4080 4192 3796 4251 4280 4364 4218 4399 4050 3826 3918 4191 4102 3926 4378 4339 4127 4246 3995 4232 3887 3961 3961 4228 4279 3952 4145 4127 3996 4304 3690 4213 4207 4153 3524 4195 3868 4446 4568 3999 4061 4184 4257 
3836 4196 3850 3724 3938 3843 3861 4106 3625 3759 3602 3498 3977 3921 3826 4185 3869 4189 3508 3674 3979 3650 3863 4127 3785 3708 3675 3948 3918 4135 3876 4166 3915 4202 3924 3647 3999 3657 3761 3876 4401 3923 4143 3896 3921 3562 4176 3996 4038 3501 3663 3718 4090 4063 3676 4268 4208 3879 3602 3933 3689 3800 3775 4010 3823 3727 3459 4167 3886 3984 3983 3829 3956 3875 3929 3766 4145 3830 3811 4072 3917 3826 3684 3791 3822 3970 3755 3871 3836 3975 3827 3526 4004 4189 4192 3900 3915 3730 3889 3912 3949 4000 3808 3773 3940 3851 4004 3980 3609 3745 4027 3834 3908 3628 3635 3688 3997 3684 4024 3647 4268 3879 3679 4168 3545 3591 3610 3602 4189 3871 3918 3769 4062 3817 4227 3674 3867 3878 4201 3978 4063 4128 4066 3697 4629 3777 4002 3554 4478 3981 3563 3508 3706 3812 4009 4099 4239 4077 4120 3470 3930 4326 4121 3805 4398 3547 3516 3688 3842 3941 3531 4131 4208 4272 3700 3950 4052 3832 3679 3691 4185 3922 3997 3862 3663 3944 3792 3801 4016 3860 3918 3681 3965 3787 4171 4198 3788 3660 3711 3987 
4362 4271 4034 4190 4521 4137 4255 4466 4081 4197 3554 3894 4373 4186 4320 4584 4473 4287 3886 4171 4221 3836 4332 4272 4247 4129 4151 4558 4383 4408 4110 4258 4369 4368 4022 4388 4405 4062 4261 4179 4722 4529 4137 4585 4075 4444 4349 4390 4485 3865 4322 4015 4735 4520 4407 4454 4335 4200 3859 4439 4085 3973 4318 4275 4158 4288 4201 4665 4614 4281 4402 4355 4327 4270 4470 3984 4690 3992 4229 4500 4005 3928 3977 4402 4041 4343 4339 4362 4143 4435 4374 3899 4338 4334 4435 4102 4383 3937 4126 4159 3926 4345 4030 3986 4098 4129 4240 4325 3988 4395 4300 4143 4186 4115 4084 4040 4555 4193 4302 4046 4668 4438 4407 4452 4058 4263 4174 4195 4393 4072 4576 4138 4315 4151 4610 4281 4091 4301 4543 4528 4243 4184 4587 4116 4943 3872 4445 4085 4546 4111 4390 4034 4347 4101 4278 4263 4333 4516 4543 4117 4463 4433 4576 4212 4723 3759 4056 4215 4364 4348 4163 4397 4471 4570 4206 4282 4265 3990 3772 4066 4476 4228 3900 4110 4235 4338 4556 3798 4376 4264 4252 3737 4376 4220 4599 4627 4156 4157 4367 4486 
4279 4116 3816 4136 4540 3974 4131 4249 3868 4067 3527 3795 4238 4281 4109 4706 4182 4364 3969 3993 3980 4048 4091 4326 4267 4200 4010 4395 4475 4417 4268 4255 4210 4498 3952 4256 4515 3987 4415 4125 4480 4298 4608 4164 4169 4392 4467 4536 4416 3485 4040 4169 4541 4470 4232 4571 4535 4141 4002 4311 3897 3998 4051 4491 4061 4088 4123 4423 4227 4353 4540 4377 4455 4229 4332 4113 4192 3935 4466 4224 3964 4044 3957 4272 4065 4242 4278 3992 4045 4442 4243 4016 4280 4264 4215 4102 3976 3750 4368 4508 4112 4346 3983 3951 4207 4143 4237 4164 3817 4207 4204 4100 3982 3973 3930 4219 4130 4043 4232 3989 4571 4297 4295 4350 4060 4048 4028 3874 4453 4066 4688 4289 4350 3992 4674 4342 4199 4093 4279 4539 4214 4243 4424 4027 4742 4396 4289 3791 4680 4071 4046 4086 4341 4090 4204 4425 4401 4365 4382 3899 4280 4220 4640 4315 4702 3829 3848 3944 4369 4305 3935 4494 4224 4458 4007 4398 4263 4226 4041 4125 4256 4472 4266 4268 4147 4032 4490 3899 4264 4134 4123 3882 4498 3733 4267 4573 4331 3937 4372 4235 
4083 3686 3693 3662 4006 4026 3999 4103 3597 3692 3275 3557 3943 3769 3786 4115 3935 4055 3621 3811 3755 3620 4022 4277 3749 3667 3780 4179 3794 3792 4223 3871 4013 4209 3551 3797 4076 3924 3908 3849 4331 4172 4097 3829 3783 4092 4329 3964 4012 3437 3955 3772 4151 4205 4148 3984 3843 3697 3626 4116 3431 3611 3438 3999 3642 3892 3819 4061 3835 4030 3852 3922 3705 3923 4196 3729 3960 3887 3893 3910 3659 3807 3413 3765 3812 4052 3819 3767 3830 4234 4266 3758 3977 4314 3965 3640 3827 3348 4061 4061 3917 4112 3812 3276 4080 3840 3959 3840 3766 3726 4033 4000 3943 3513 3860 3707 3978 3882 3900 3704 4322 3883 4055 3958 3521 3741 3662 3779 4186 3867 4238 3789 3952 3800 3991 3711 3822 3980 4114 4131 3856 3966 3977 3831 4529 3738 3848 3743 4195 3778 3573 3447 3947 3694 3943 4124 4214 4294 4073 3610 3918 4014 4079 3866 4225 3739 3898 3634 4036 4026 3637 4185 3929 4085 4029 3933 4002 4027 3261 3536 4035 3826 3758 3726 3885 3846 4194 3400 3794 3990 3855 3592 4019 3769 3978 4359 3708 3802 3848 4035 
4143 4269 3796 3988 4444 4035 4024 4338 3675 4062 3871 3980 4074 4164 3883 4577 4080 4385 3839 4059 4151 4154 4199 4238 3874 3965 3920 4281 4185 4387 4160 4451 3957 4593 3933 4142 4332 4172 4075 4121 4582 4215 4444 4179 4132 4358 4429 4064 4064 3723 4049 4166 4393 4528 4072 4437 4350 3934 3923 4423 3817 4191 3921 4183 4081 4132 3923 4251 4311 4386 4330 4216 4178 4016 4211 4160 4191 4088 4212 4034 4220 3936 4109 3941 3885 4395 4132 3897 3975 4270 4191 3829 4212 4414 4292 4082 3929 3827 4137 4124 3841 4177 4294 4066 4183 4043 4247 4070 3996 4036 4299 4141 4018 3821 4037 3859 4167 4130 4180 3999 4463 4149 4231 4568 3853 3951 3752 4123 4539 4047 4256 4187 4163 4021 4449 4228 3936 4134 4303 4222 4030 4423 4264 3908 4800 4154 4408 4005 4663 4174 4007 3839 4002 4022 4072 4459 4208 4434 4286 3832 4129 4300 4405 4208 4548 3633 3810 3922 4110 3991 4071 4196 4333 4505 4008 4222 4643 3749 3865 3986 4338 4259 4126 3922 4241 4080 4288 3786 4248 4225 4288 3657 4179 3980 4364 4456 4212 3859 4220 4219 
4226 3933 3483 3676 3923 3817 3943 4198 3726 3671 3342 3576 3923 4008 3414 4391 4016 4152 3556 3476 3851 3511 4037 4081 3756 3682 3808 4087 3817 3910 3840 4017 3860 4101 3446 3739 3986 3975 3867 3845 4400 3887 4043 3881 3788 3958 3920 3966 4243 3433 4056 3802 4115 4192 3693 4074 4081 3741 3610 4048 3494 3853 3758 3927 3764 3906 3488 3916 4035 3967 4018 3913 3971 3680 3762 3829 3860 3689 3734 4032 3730 3589 3631 3714 3711 4060 3749 3432 3926 3909 3922 3659 3710 3918 3764 3726 3875 3414 3782 3847 3784 3876 3824 3579 3825 3742 3837 3767 3532 3789 4012 3705 3922 3471 3541 3855 3932 3696 4020 3649 4092 4075 4021 4150 3464 3546 3636 3879 3957 3724 4182 3722 3991 3830 4172 3792 3753 3981 4251 3890 3741 4045 3994 3543 4295 3805 3871 3542 4260 3902 3593 3536 3819 3676 3828 4071 4056 4024 3981 3848 4093 4372 4137 4001 4102 3652 3595 3541 3990 4001 3635 3972 3960 4154 3847 3950 4060 3604 3495 3600 4079 3776 3702 3884 3812 3770 4043 3584 4016 3803 3907 3599 3989 3686 3915 4233 3778 3694 3754 4076 
4136 4053 4061 3892 4183 4023 4170 4290 3858 4101 3823 3786 4192 4138 3898 4344 4271 4212 3899 3976 3904 3652 4145 4401 4062 3902 4120 4183 4322 4258 4057 4130 4317 4535 3886 4004 4240 4127 4029 3998 4411 4384 4273 4193 4159 4480 4263 4149 4394 3557 4217 3879 4476 4509 4046 4200 4449 4026 3841 4246 3816 3972 3958 4241 3850 4313 3830 4486 4189 4308 4235 4019 4040 4242 4197 4145 4086 3787 4153 4057 3881 4143 4006 4271 3917 4377 4397 4097 4009 4131 4378 3968 4288 4325 4199 4147 4164 3865 4426 4180 4143 4014 4192 3742 4344 4162 4251 4110 3807 4067 4014 4164 4059 3964 4099 3973 4272 4191 4327 3946 4476 4184 4146 4281 3908 4042 4164 3964 4285 3939 4407 4092 4134 4158 4469 3946 3897 3965 4360 4262 4127 4391 4412 3845 4816 4009 4118 3884 4443 4064 3985 4133 4116 4125 4110 4353 4246 4498 4095 3803 4122 4304 4601 4192 4510 4014 3784 3925 4282 4459 4239 4355 4381 4259 4229 4056 4271 3879 3616 3891 4129 4255 3984 4017 3912 4063 4099 3697 4284 4036 4116 3671 4028 4033 4512 4327 4068 3847 4120 4187 
